URL,No.
https://www.reddit.com/r/ketoscience/comments/gnzvx8/prof_robert_lustig_sugar_metabolic_syndrome_and/,601
https://www.reddit.com/r/weightlifting/comments/1eo2o7q/karlos_nasar_sets_new_wrs_today_with_224kg_cj_and/,602
https://www.reddit.com/r/FatLoss/comments/9i7nq8/meet_the_trainers_training_models_athletes_actors/,603
https://www.reddit.com/r/malaysia/comments/113kk5l/kapar_mp_worries_that_menu_rahmahs_low_quality/,604
https://reddit.com/r/mealprep/comments/xoblfn/basic_af_but_a_single_dudes_1_meal_a_day/,605
https://www.reddit.com/r/Genshin_Impact/comments/zsqc5c/how_to_travel_across_water_infinitely_rapidly_fast/,606
https://www.reddit.com/r/quarantineactivities/comments/1jjhfy9/grow_your_chest_at_with_this_push_variations/,607
https://www.reddit.com/r/skeptic/comments/1lgk03w/a_vaccine_related_myocarditis_coverup/,608
https://www.reddit.com/r/FitLifeVideos/comments/zvoztc/heres_a_few_clips_from_a_10_min_abs_workout_you/,609
https://www.reddit.com/r/StupidFood/comments/177bx99/the_infinity_meal_prep/,610
https://www.reddit.com/r/FitLifeVideos/comments/1iys7vt/charged_dumbbell_bodybuilding_program_day_3_back/,611
https://www.youtube.com/watch?v=eVqiIa3ZISo,612
https://www.reddit.com/r/interestingasfuck/comments/134ery4/here_in_sweden_we_have_an_heathen_tradition/,613
https://www.reddit.com/r/DietTea/comments/1cutf5j/the_dark_side_of_the_food_industry/,614
https://reddit.com/r/weightlifting/comments/1lnh3sa/help_w_split_jerk/,615
https://reddit.com/r/TruthLeaks/comments/1dgt2u7/listen_well_at/,616
https://reddit.com/r/weightlifting/comments/1lr04cv/130kg_and_140kg_pfs_2_sj_2rm/,617
https://reddit.com/r/weightlifting/comments/1juspvn/86_snatch_pr/,618
https://www.reddit.com/r/pokemon/comments/x6f0it/pok%C3%A9mon_forgotten_legends_the_deep_sleep_of_lugia/,619
https://www.reddit.com/r/aww/comments/1bnp8r6/melts_my_heart_my_maine_coon_percy_is_trying_to/,620
https://www.reddit.com/r/StupidFood/comments/11llke2/keto_quesadilla_what_a_healthy_alternative_to/,621
https://www.reddit.com/r/cardio/comments/10o9xwc/if_youre_looking_to_mix_up_your_workout_routine/,622
https://reddit.com/r/Homeworkouts/comments/13sofur/9_min_plyos_3_exercises_3_times_1_minute_each/,623
https://www.reddit.com/r/cats/comments/ty3ypl/milo_the_cat_has_a_strict_bedtime_routine_heart/,624
https://www.reddit.com/r/ufc/comments/18khwik/theyll_talk_about_his_dad_but_they_wont_talk/,625
https://reddit.com/r/GymMotivation/comments/ysi6j0/hello_all_this_is_a_fun_speed_bag_exercise_that/,626
https://www.reddit.com/r/MechanicalKeyboards/comments/jyvbuy/best_macro_pad_ever/,627
https://www.reddit.com/r/Frugal/comments/r451x9/im_21_and_live_a_pretty_frugalminimalist_life_i/,628
https://www.reddit.com/r/cats/comments/155nltx/making_sure_midnight_the_runt_of_the_litter_gets/,629
https://reddit.com/r/exercisepostures/comments/1j79bbq/??????????????????_????????_????????_????????????/,630
https://reddit.com/r/exposingcabalrituals/comments/1751wcl/the_drug_companies_the_food_companies_the_vaccine/,631
https://www.reddit.com/r/interestingasfuck/comments/1dyamc2/sweating_in_macro/,632
https://www.reddit.com/r/PostureTipsGuide/comments/nicdmi/30_min_hiit_workout_no_repeat_squatmania/,633
https://www.reddit.com/r/MAGANAZI/comments/16iag4z/maga_dumbfuck_and_hasbeen_actor_who_played_jesus/,634
https://www.reddit.com/r/weightlifting/comments/1lrr4k5/3_cjs_is_my_brush_point_high_enough/,635
https://www.reddit.com/r/CovidVaccinated/comments/1fefy9w/antivaxxers_ask_john_campbell_to_stop/,636
https://www.reddit.com/r/cardio/comments/10v63qi/strengthen_and_tone_your_core_with_this_intense/,637
https://www.reddit.com/r/Damnthatsinteresting/comments/16fiwva/match_lighting_in_macro/,638
https://www.reddit.com/r/HIIT/comments/1ieci5p/alpha_dumbbell_bodybuilding_program_day_14_chest/,639
https://www.youtube.com/watch?v=s6yeoty57Hg,640
https://www.reddit.com/r/strengthtraining/comments/k84xzc/275kg_607lb_raw_deadlift_16_years_old/,641
https://www.reddit.com/r/brittanydawnsnark/comments/1fspeph/stories_92924_tw_ed_mentions_idk_what_workout/,642
https://www.reddit.com/r/HolUp/comments/u4upcl/workout_tips/,643
https://streamable.com/k0imqz,644
https://www.reddit.com/r/FitLifeVideos/comments/o7sil1/five_of_the_best_ab_exercises_to_strengthen_your/,645
https://www.reddit.com/r/CovidVaccinated/comments/1k6rado/fight_coronavirus_from_home_foldinghome/,646
https://www.youtube.com/watch?v=7gwPxY-1l1o,647
https://reddit.com/r/weightlifting/comments/1ls4aqd/the_most_difficult_snatch_variation/,648
https://www.reddit.com/r/weightlifting/comments/1f9n6wg/been_chasing_100kg_for_months/,649
https://www.reddit.com/r/longevity/comments/jnak45/the_power_of_the_pharmaceutical_companies/,650
https://www.reddit.com/r/HIIT/comments/827wz3/the_best_exercises_for_a_strong_core/,651
https://www.reddit.com/r/WorkReform/comments/1kmrpbi/antiunion_extremists_burst_into_applause_after/,652
https://www.reddit.com/r/Wellness/comments/bv1ocy/rhonda_patrick_on_dietgene_interactions/,653
https://reddit.com/r/weightlifting/comments/1lqakyw/clean_technique_work_75kgs/,654
https://www.reddit.com/r/StrangeEarth/comments/1c1heox/the_moon_is_an_uninhabited_dusty_rock_ball_thats/,655
https://www.reddit.com/r/nextfuckinglevel/comments/1eo8ml4/weight_lifter_celebrates_his_loss/,656
https://www.reddit.com/r/whenthe/comments/1l5pqz7/american_diet_is_still_bad_though/,657
https://reddit.com/r/weightlifting/comments/1lr6bmv/making_progress_with_hang_cleans/,658
https://www.reddit.com/r/ToiletPaperUSA/comments/1ecbou8/80_gloriously_unhinged_seconds_in_which_jordan/,659
https://reddit.com/r/Biohackers/comments/1lcw2vz/the_most_important_part_of_exercise/,660
https://www.reddit.com/r/Awakening/comments/tr01qa/the_menthadone_drugmill_and_how_i_set_the_program/,661
https://www.reddit.com/r/boysarequirky/comments/1at6zyw/yeah_like_its_not_weird_for_random_men_to_edit/,662
https://reddit.com/r/diet/comments/1dqjjxg/eat_3_eggs_a_day_and_lose_weight/,663
https://reddit.com/r/diet/comments/ndr7w7/hey_everyone_is_cutting_carbs_can_help_lose_belly/,664
https://www.reddit.com/r/quarantineactivities/comments/n8k0r1/how_to_structure_your_own_movement_workouts/,665
https://www.reddit.com/r/GodFrequency/comments/1l6elet/deep_rest_from_the_character_you_been_trying_to/,666
https://www.reddit.com/r/CalisthenicsCulture/comments/1kvl5lw/tiger_bends_home_workout/,667
https://www.reddit.com/r/sydney/comments/qripum/nature_is_healing/,668
https://www.reddit.com/r/veganfitness/comments/oixng4/hi_everyone_short_workout_for_your_abs_to/,669
https://www.reddit.com/r/weightlifting/comments/1epktxt/park_hye_jeong_is_forced_to_rush_her_last_cj/,670
https://www.reddit.com/r/cardio/comments/xs01n6/these_clips_are_from_a_21_day_ab_program_that_is/,671
https://reddit.com/r/weightlifting/comments/1lsjfei/120kg_x3_snatch/,672
https://reddit.com/r/exercisepostures/comments/12lvbty/heres_a_few_clips_from_a_10_min_abs_workout_feel/,673
https://reddit.com/r/weightlifting/comments/1lrp48n/is_my_position_below_knee_good_or_should_i_raise/,674
https://www.reddit.com/r/tornado/comments/1iwhc19/macro_shots_of_tornadic_storms/,675
https://www.reddit.com/r/AbsoluteUnits/comments/xocg6u/big_boi_is_too_full_from_grandmas_food_visit/,676
https://www.reddit.com/r/weightlifting/comments/1f7wm7z/have_you_ever_seen_a_jerk_like_this/,677
https://reddit.com/r/FitLifeVideos/comments/sgas0w/1000_rep_ab_challenge_link_to_the_full_video_is/,678
https://www.reddit.com/r/Damnthatsinteresting/comments/u8a13a/vitamins_protein_a_perfect_diet_all_in_one/,679
https://www.reddit.com/r/FitLifeVideos/comments/1lopdxr/iron_dumbbell_bodybuilding_program_day_20_upper/,680
https://reddit.com/r/FitLifeVideos/comments/q581kw/here_are_a_few_clips_from_a_beginner_level/,681
https://www.reddit.com/r/Catswithjobs/comments/1jarfrc/personal_trainer/,682
https://youtube.com/shorts/xJgy_WHrxP0?si=txlwsudhaiKc4aKq,683
https://reddit.com/r/weightlifting/comments/1lpofwt/switch_jerk_120kg/,684
https://reddit.com/r/antivax/comments/axkjg5/anti_vax_kids_being_taken_home_from_the_hospital/,685
https://www.reddit.com/r/parrots/comments/1gc9o0i/psa_she_is_100_fine_just_dramatic_and_plays_dead/,686
https://www.reddit.com/r/BigPharma/comments/s1r3oa/gravitas_plus_how_big_pharma_pushes_dangerous/,687
https://www.reddit.com/r/Awakening/comments/1k8ue0d/the_cycle_of_separation_and_the_false_self/,688
https://www.reddit.com/r/GutHealth/comments/jl84t8/best_video_on_link_between_the_gut_and/,689
https://www.reddit.com/r/50501/comments/1lduwf3/new_york_city_comptroller_was_just_arrested_for/,690
https://www.reddit.com/r/superfoods/comments/eymm1c/cacao_top_superfood/,691
https://www.reddit.com/r/FatLoss/comments/9xbtmm/th_keto_lifestyle_am_i_still_a_pescatarian/,692
https://www.reddit.com/r/indianrailways/comments/1j2envh/while_eating_gutka_or_paan_masala_may_be_a/,693
https://www.reddit.com/r/brasilivre/comments/1evy4td/sintoma_personal_trainer/,694
https://www.reddit.com/r/WorkReform/comments/1lpczno/heres_how_antiunion_extremists_reacted_to_passing/,695
https://reddit.com/r/cardio/comments/1h4fl7c/cardiologist_question/,696
https://www.reddit.com/r/skeptic/comments/1lm0ogc/texas_mom_vaccine_scientist_discuss_mmr/,697
https://reddit.com/r/Homeworkouts/comments/1121luf/this_is_how_i_work_out_at_home/,698
https://www.reddit.com/r/weightlifting/comments/1emdsyy/li_fabin_sets_olympic_record_today_143kg_snatch/,699
https://www.reddit.com/r/bollywood/comments/1lmtboz/sunny_paaji_scenes_are_so_much_testosterone/,700
https://www.reddit.com/r/Prebiotics/comments/dbvjlt/prebiotics_and_probiotics_as_potential_therapy/,701
https://www.reddit.com/r/WhatsWrongWithYourCat/comments/1h3giux/absolutely_terrifying_deep_sleeps_last_night/,702
https://www.reddit.com/r/exercisepostures/comments/1jexe73/build_stronger_legs_at_home_12_leg_muscles/,703
https://www.reddit.com/r/antivax/comments/dqlnd4/this_is_definitely_how_it_works/,704
https://www.reddit.com/r/naturalremedies/comments/n8f5lj/top_dates_health_benefits/,705
https://www.reddit.com/r/skeptic/comments/1lsh7t9/the_weirdness_of_americas_oligarchs/,706
https://www.reddit.com/r/weightlifting/comments/1ffl9l6/102kg_press/,707
https://reddit.com/r/quarantineactivities/comments/mjhpje/quarantine_habit_no_coffee_till_workout_day_4_it/,708
https://www.youtube.com/watch?si=Z5jHupXihDYTzIn4&v=uePbAMCpaew&feature=youtu.be,709
https://www.reddit.com/r/ketogains/comments/877pud/6_month_keto_transformation/,710
https://www.reddit.com/r/StopEatingSugar/comments/i92mh0/dr_james_muecke_blinded_by_sugar_in_2020_dr/,711
https://www.reddit.com/r/indianmedschool/comments/1kq885u/why_do_ayurveda_folks_put_so_much_energy_in/,712
https://www.reddit.com/r/WomenInNews/comments/1k6g5nf/who_voted_for_this_trump_guts_first_and_largest/,713
https://www.reddit.com/r/videos/comments/1lo6pm7/american_taxpayerfunded_research_built_the/,714
https://www.reddit.com/r/FatLoss/comments/93owzo/keto_diet_for_fat_loss_full_day_of_eating_keto/,715
https://www.reddit.com/r/videos/comments/heqf9l/pharma_execs_used_strip_clubs_broke_fda_laws_to/,716
https://www.reddit.com/r/justgalsbeingchicks/comments/1gqbaz9/when_the_perimenopause_brain_fog_hits/,717
https://www.reddit.com/r/bodybuilding/comments/1btp8jb/wellness_offseason/,718
https://www.reddit.com/r/vegan/comments/1lru15k/lets_go_vegan_20_week_3/,719
https://reddit.com/r/FitLifeVideos/comments/q9ygjq/hiit_workouts_are_a_great_way_to_burn_calories_in/,720
https://www.youtube.com/watch?v=CnQGKzRrmvQ,721
https://www.reddit.com/r/movementculture/comments/luiu1i/how_i_fixed_my_lower_back_pain_from_a_bulging/,722
https://www.reddit.com/r/MadeMeSmile/comments/18w61ly/what_a_weight_loss_journey_she_looks_so_much/,723
https://www.reddit.com/r/Biohacking/comments/zebsb0/how_to_speed_up_your_metabolism_to_lose_weight_in/,724
https://www.reddit.com/r/Catswithjobs/comments/12xx3hp/personal_trainer_free_weight/,725
https://reddit.com/r/Homeworkouts/comments/mk4ls5/no_coffee_till_workout_day_5_sunday_addition/,726
https://www.youtube.com/watch?v=TbNuVi5G-Pk,727
https://www.reddit.com/r/hydration/comments/o71oqe/why_you_dont_need_much_water_on_raw_meat_diet/,728
https://www.reddit.com/r/BeAmazed/comments/158bg1k/amazing_weight_loss_in_only_18_months/,729
https://www.reddit.com/r/Homeworkouts/comments/1kcshox/here_is_why_you_should_do_knuckle_push_ups/,730
https://www.reddit.com/r/rupaulsdragrace/comments/1lesq6u/detox_performing_her_16yo_signature_number/,731
https://www.reddit.com/r/exercisepostures/comments/y80oy2/brand_new_hiit_cardio_workout_will_be_available/,732
https://www.reddit.com/r/BigPharma/comments/ng6p20/katie_porter_goes_megaviral_with_mustsee_takedown/,733
https://www.reddit.com/r/aww/comments/ciq4ve/pupper_power_nap/,734
https://www.reddit.com/r/Superstonk/comments/ocdhkg/my_name_is_buttfarm69_and_this_is_probably_the/,735
https://www.reddit.com/r/Prebiotics/comments/abub2n/are_green_smoothies_bad_for_you/,736
https://www.reddit.com/r/therewasanattempt/comments/107jlgb/to_workout_at_home/,737
https://youtube.com/watch?v=kA6rUU0K9xE&feature=share,738
https://www.reddit.com/r/TikTokCringe/comments/1bl46gl/the_big_food_forgetting_how_people_in_western/,739
https://www.reddit.com/r/FortNiteBR/comments/8nqdsr/are_people_using_macros_to_build_faster_than/,740
https://reddit.com/r/Biohackers/comments/1gaw5qo/please_rate_my_stack/,741
https://www.youtube.com/watch?si=4mx7hN3iU2JMcw_J&v=QIQx-emNwwI&feature=youtu.be,742
https://www.reddit.com/r/oddlyterrifying/comments/1ffcs8m/the_hippopotamus_is_deceptively_fast_in_water_it/,743
https://www.reddit.com/r/superfoods/comments/n7rowp/top_garlic_health_benefits/,744
https://streamable.com/kp3pxq,745
https://www.reddit.com/r/energyhealing/comments/7xj7l2/malachite_a_green_protective_stone_for_wed_the/,746
https://www.reddit.com/r/MikaylaNogueira/comments/1j8uegh/a_new_skincare_line_for_someone_who_has_a_new/,747
https://reddit.com/r/BeAmazed/comments/1ld3mct/shes_21_and_aging_gracefully/,748
https://www.youtube.com/watch?v=2Cyw9JzZKls,749
https://www.reddit.com/r/carnivorediet/comments/1lr10c9/did_humans_begin_farming_and_eating_plants_12000/,750
https://www.reddit.com/r/ksi/comments/o1hgts/dejis_trainers_making_him_do_cardio/,751
https://www.reddit.com/r/cardio/comments/o671qv/30_min_hiit_fullbody_workout_2_rounds_heart/,752
https://www.reddit.com/r/cardio/comments/mu732g/whos_crushing_a_workout_today_full_body_workout/,753
https://www.reddit.com/r/FundieSnarkUncensored/comments/1kgfu7s/paul_learning_lessons_about_how_to_play_a_sport/,754
https://www.reddit.com/r/TikTokCringe/comments/14o9g1w/stay_hydrated/,755
https://www.reddit.com/r/superfoods/comments/6h25h1/jak_zrobi%C4%87_smoothie_z_gotu_cola/,756
https://reddit.com/r/exercisepostures/comments/1khh9mt/double_pulse_squats_for_stronger_legs_at_home/,757
https://www.reddit.com/r/conspiracy/comments/cnymkm/if_antidepressant_commercials_were_honest_honest/,758
https://www.reddit.com/r/Palestine/comments/1fdium5/israeli_prison_guards_filmed_abusing_detainees/,759
https://www.reddit.com/r/Homeworkouts/comments/1i18c5w/clock_pushups_for_stronger_chest_shoulders_and/,760
https://www.reddit.com/r/skeptic/comments/1ldax3y/technical_presentation_on_giza_plateau/,761
https://reddit.com/r/strengthtraining/comments/1lm7npp/525_chasing_down_600/,762
https://reddit.com/r/weightlifting/comments/1lt16s8/is_this_complex_useful/,763
https://www.youtube.com/watch?v=zWTHmqbbFOQ,764
https://reddit.com/r/entirebodyexercise/comments/1ljy9zd/wall_sit_exercise_for_strong_quads_and_glutes_at/,765
https://www.reddit.com/r/JustGuysBeingDudes/comments/1fvg0g3/nature_is_truly_beautiful/,766
https://www.reddit.com/r/skeptic/comments/1lajhii/how_to_actually_deal_with_tear_gas/,767
https://www.reddit.com/r/MasterReturns/comments/dtk945/my_little_guy_was_so_much_in_a_deep_sleep_he/,768
https://www.youtube.com/watch?si=M4BnNjIM5Va9xDtZ&v=lJAZStJcBzw&feature=youtu.be,769
https://www.reddit.com/r/GutHealth/comments/sasque/what_is_the_1_cause_of_constipation_mind_body/,770
https://www.reddit.com/r/skeptic/comments/1lc5z3a/the_sagan_series_the_frontier_is_everywhere/,771
https://www.reddit.com/r/Unexpected/comments/o1r33e/why_she_drinks_a_lot_ah_well/,772
https://www.reddit.com/r/FatLoss/comments/a44tgi/my_keto_weight_loss_journey_lazy_keto_diet/,773
https://www.reddit.com/r/cardio/comments/llzn48/hello_everyone_heres_a_10_min_cardio_abs_workout/,774
https://www.reddit.com/r/weightlifting/comments/1fgveja/bar_to_152kg_snatch/,775
https://www.reddit.com/r/superfoods/comments/dgsead/how_to_grow_wheatgrass_it_is_easy_to_grow/,776
https://www.reddit.com/r/chelseafc/comments/1ln327v/maresca_cardio_celebration/,777
https://www.reddit.com/r/videos/comments/cyevfl/7_quick_tips_for_gut_health_why_does_it_influence/,778
https://www.reddit.com/r/weightlifting/comments/1fr0w3f/dozer_hits_200_cj/,779
https://www.youtube.com/watch?v=0P4o8iAhgM0,780
https://www.reddit.com/r/oddlyterrifying/comments/179zscl/the_bearded_eagle_is_the_only_known_animal_whose/,781
https://www.reddit.com/r/weightlifting/comments/1eta7cv/150kg_push_jerk/,782
https://www.reddit.com/r/EngineeringPorn/comments/11ojkyh/new_737_max_9_wheel_well_clean_enough_to_eat_from/,783
https://www.reddit.com/r/BigPharma/comments/10j0ep2/benzos_the_other_prescription_drug_ruining_a/,784
https://www.reddit.com/r/strengthtraining/comments/7ny2hx/instant_strength_boosting_techniques_neuro/,785
https://www.reddit.com/r/shitposting/comments/17b4er8/nature_sure_is_beautiful/,786
https://www.reddit.com/r/NatureIsFuckingLit/comments/1ffcsiy/the_hippopotamus_is_deceptively_fast_in_water_it/,787
https://www.reddit.com/r/bossmanjack/comments/1l08th2/young_man_with_holistic_well_being_appreciating/,788
https://reddit.com/r/HermanCainAward/comments/ws3o2l/here_we_go_guys_man_risked_passing_monkeypox_just/,789
https://www.reddit.com/r/prohealth/comments/mif9r8/its_time_to_pop_out_those_lower_abs_with_this/,790
https://www.reddit.com/r/cardio/comments/nmbtm2/core_workout_for_runners_and_for_daily_life/,791
https://www.reddit.com/r/illnessfakers/comments/175bl2r/dani_is_hoping_to_be_transferred_to_penn/,792
https://www.reddit.com/r/superfoods/comments/pqigco/benefits_of_moringa_for_pets_moringa_products_in/,793
https://www.reddit.com/r/mildlyinfuriating/comments/11lkhic/this_could_be_easily_avoided/,794
https://www.reddit.com/r/CatsBeingCats/comments/111sohi/so_mom_and_dad_can_sleep_better/,795
https://www.youtube.com/watch?v=_1TgQCCUoeA,796
https://www.reddit.com/r/BigPharma/comments/ci6yz0/watch_live_patients_affected_by_rising_drug/,797
https://www.reddit.com/r/AlternativeHealth/comments/1ev02iz/7_natural_ingredients_to_significantly_boost/,798
https://reddit.com/r/antivax/comments/15iy405/i_cant_tell_if_tik_tok_is_actually_this_dumb/,799
https://www.reddit.com/r/oddlysatisfying/comments/17fjt9u/macro_views_of_various_writing_instruments/,800
https://www.reddit.com/r/WhatsWrongWithYourDog/comments/f8wy5c/power_napping_at_daycare/,801
https://www.youtube.com/watch?v=RFMygvaiNpU&feature=youtu.be,802
https://www.reddit.com/r/vegan/comments/1lt7rc4/vegan_adventures_in_dubrovnik_and_dublin/,803
https://reddit.com/r/exercisepostures/comments/1l7s4j2/wall_angels_exercise_for_better_posture/,804
https://www.reddit.com/r/GutHealth/comments/pe72hv/which_gut_bacteria_are_associated_with_poor/,805
https://www.reddit.com/r/italisvital/comments/1ifl1wv/100_alkaline_diet_recipes_by_julian_gooden/,806
https://www.reddit.com/r/Damnthatsinteresting/comments/ipv2uv/i_used_a_macro_lens_in_my_beehive/,807
https://www.reddit.com/r/golf/comments/p171np/when_my_client_asked_for_a_homer_simpson_donut/,808
https://www.reddit.com/r/baseball/comments/1km45yg/highlight_javy_baez_walk_off_shot/,809
https://www.reddit.com/r/HIIT/comments/y2whuv/are_you_looking_for_a_free_abs_workout_program/,810
https://www.reddit.com/r/vegan/comments/1lp9ka7/vegan_attacked_by_animal_abuser/,811
https://www.reddit.com/r/DestinyFashion/comments/oozzhf/i_dont_know_if_it_fits_to_destiny_fashion_but_if/,812
https://www.reddit.com/r/weightlifting/comments/1eu3z49/emilyibanez_13_years_old_110_clean_and_jerk/,813
https://www.reddit.com/r/CleanEating/comments/1f57him/wellness_routine_awesome_smoothie_recipes_healthy/,814
https://www.reddit.com/r/cardio/comments/kyo45m/no_jumpingfull_body_fat_loss_cardio_in_2_weekslow/,815
https://www.reddit.com/r/economy/comments/1ltlk1g/the_republicans_passed_the_massive_budget_bill/,816
https://www.reddit.com/r/weeviltime/comments/1ljjnym/macro_video_not_sure_if_its_time/,817
https://www.reddit.com/r/shitposting/comments/w8ftpk/even_the_king_enjoys_a_power_nap/,818
https://www.reddit.com/r/projectzomboid/comments/1emcnic/progamer_tip_set_up_chairs_and_rest_on_them_tired/,819
https://www.reddit.com/r/kettlebell/comments/1juuuzf/simple_but_effective_at_home_workout/,820
https://www.reddit.com/r/Nootropics/comments/1dufra3/rhonda_patrick_here_alcohol_is_the_indisputable/,821
https://www.reddit.com/r/Biohackers/comments/1iu2fmj/nucleo_growth_triggers_aging_cell_programming_can/,822
https://www.reddit.com/r/indianrailways/comments/1jeb4r5/everybody_is_sleeping_soundly_why_am_i_having/,823
https://www.reddit.com/r/malaysia/comments/1j78pso/lots_of_malaysian_foods_and_drinks_are_unhealthy/,824
https://www.reddit.com/r/ketogains/comments/7vptht/keto_diet_weight_loss_journey_week_5_mario/,825
https://www.youtube.com/watch?v=DF2AHRevaIg,826
https://www.reddit.com/r/cardio/comments/1ild7xf/alpha_dumbbell_bodybuilding_program_day_16/,827
https://www.reddit.com/r/skeptic/comments/fzk9ok/worried_about_cholesterol_how_to_interpret_a/,828
https://www.reddit.com/r/Athleanx/comments/gxrhl9/this_is_a_full_detailed_review_and_guide_of/,829
https://www.reddit.com/r/TruthLeaks/comments/1d2clvl/terrence_howard_full_address_and_qa_oxford_union/,830
https://www.reddit.com/r/Plumbing/comments/1gpy0wl/opened_the_metal_tile_in_the_basement_and_found/,831
https://www.reddit.com/r/FunnyAnimals/comments/xdjo40/rottweiler_wakes_up_from_a_deep_sleep_to_eat_his/,832
https://www.reddit.com/r/weightlifting/comments/1eb8c9r/snoop_dogg_has_entered_the_chat/,833
https://www.reddit.com/r/ScienceUncensored/comments/13nborl/65khz_beam_projects_sound_into_the_brain_voice_of/,834
https://www.reddit.com/r/AlternativeMedicine/comments/8bvldb/ways_to_treat_your_chronic_pain_naturally_natural/,835
https://reddit.com/r/carnivorediet/comments/1k7x4fb/52_lbs_thanks_to_you_guys/,836
https://www.reddit.com/r/homefitness/comments/i4ai7f/20_different_types_of_plank_variations_beginner/,837
https://reddit.com/r/carnivorediet/comments/191jzc6/not_elizabeth_olsen_coming_out_in_support_for_the/,838
https://www.reddit.com/r/MealPrepSunday/comments/b1x5sc/meal_prep_for_8_families_70_per_family_good_times/,839
https://reddit.com/r/weightlifting/comments/1lnz3rf/need_help_with_bar_contact/,840
https://www.reddit.com/r/HIIT/comments/oaxohf/having_a_strong_core_is_beneficial_to_everyone/,841
https://www.reddit.com/r/CringeTikToks/comments/1lfcdlk/well_it_definitely_made_me_want_to_drink/,842
https://www.reddit.com/r/CreateMod/comments/1jj16yr/saw_this_likely_well_known_tip_on_youtube_to_make/,843
https://www.reddit.com/r/soccer/comments/1ejsrjz/louis_van_gaal_72_on_his_current_health_status_as/,844
https://www.youtube.com/watch?v=CquiSjgJNc8,845
https://www.reddit.com/r/AbruptChaos/comments/vf49f0/french_police_charging_firefighters_firefighters/,846
https://www.reddit.com/r/SipsTea/comments/1jthy58/its_very_important_to_have_a_balanced_diet/,847
https://www.reddit.com/r/Supplements/comments/p6urgn/omega3_may_reduce_risk_of_premature_death_by_up/,848
https://www.reddit.com/r/SimpleVegRecipes/comments/1lcwk9q/coconut_cilantro_chutney_indian_green_dip/,849
https://www.reddit.com/r/cardio/comments/1kyebbk/made_a_video_for_anyone_who_overthinks_showing_up/,850
https://www.reddit.com/r/rupaulsdragrace/comments/ts4925/when_ru_says_it_gets_better_believe_him_he_worked/,851
https://www.reddit.com/r/exercisepostures/comments/p8rzij/hiit_workouts_are_great_for_someone_with_a_busy/,852
https://www.reddit.com/r/food2/comments/9p0dyg/keto_krate_low_carb_snacks_review_monthly/,853
https://www.reddit.com/r/interestingasfuck/comments/1ixizjw/two_year_timelapse_of_a_pine_tree_starting_from_a/,854
https://www.reddit.com/r/medical/comments/k9ia8t/girl_on_ticktok_has_mystery_disease_that_causes/,855
https://www.reddit.com/r/HIIT/comments/1j6fkwg/charged_dumbbell_bodybuilding_program_day_10/,856
https://reddit.com/r/exercisepostures/comments/1033bux/strengthen_your_core_in_only_10_mins_by_following/,857
https://www.reddit.com/r/BigPharma/comments/bqcbez/aoc_calls_out_greed_of_big_pharma_ceo_to_his_face/,858
https://www.reddit.com/r/IASIP/comments/1bf0ia3/bedtime_routine_at_the_kellyreynolds_household/,859
https://www.reddit.com/r/weightlifting/comments/1lmtwe3/105_cj_pr/,860
https://www.reddit.com/r/cute/comments/148wpe1/this_is_so_beautiful_love_of_a_mother_is_so/,861
https://www.reddit.com/r/AEWOfficial/comments/1liifd9/well_damn/,862
https://www.youtube.com/watch?si=BBhUEGjHZelXHPJE&v=R8fbpKnIiGE&feature=youtu.be,863
https://www.reddit.com/r/reddeadredemption/comments/a1vgcb/griefers_are_no_match_for_my_weekly_meal_prep/,864
https://www.reddit.com/r/MadeMeSmile/comments/1k1ooe3/dodgers_superstar_shohei_ohtani_went_to_the/,865
https://www.reddit.com/r/Probiotics/comments/1ksddvs/probiotic_pills_usually_harmful_sometimes_fatal/,866
https://www.reddit.com/r/weightlifting/comments/1lq4fbp/wednesday_training_140125170/,867
https://reddit.com/r/vegan/comments/afk1l9/i_feel_i_have_an_obligation_to_share_this_video/,868
https://www.reddit.com/r/rupaulsdragrace/comments/1ezn1ng/detox_says_shes_trans_on_stage_performing_with/,869
https://www.reddit.com/r/weightlifting/comments/1fn0964/150kg_snatch_89kg_bodyweight/,870
https://www.reddit.com/r/Instagramreality/comments/1e99pig/a_popular_influencer_promote_weight_loss_products/,871
https://www.reddit.com/r/malaysia/comments/1jco7lv/sarawakian_student_physically_harassed_by_unknown/,872
https://www.reddit.com/r/CleanEating/comments/1f771ro/creamy_avocado_sauce_chicken_recipe/,873
https://www.reddit.com/r/CovidVaccinated/comments/1l8m8sp/what_do_you_think_about_this_new_study_that/,874
https://www.youtube.com/watch?v=XqAO6JsU_vI,875
https://www.youtube.com/watch?v=hEMm7gxBYSc,876
https://www.reddit.com/r/Awakening/comments/1g1a1uy/florida_hurricane_milton_things_theyre_not/,877
https://reddit.com/r/FitLifeVideos/comments/xvdya3/these_clips_are_from_a_21day_abs_workout/,878
https://www.youtube.com/watch?v=4qETwU7cU8w,879
https://www.reddit.com/r/ContagiousLaughter/comments/1bj547o/silly_time_at_the_office_dont_forget_to_hydrate/,880
https://www.reddit.com/r/FatLoss/comments/9z6rri/keto_snacks_review_ketogenic_snack_ideas/,881
https://reddit.com/r/cardio/comments/1knoad3/fight_it_out_burn_some_calories_boost_your/,882
https://www.reddit.com/r/weightlifting/comments/1fjun96/my_recent_160_kg_snatch/,883
https://www.reddit.com/r/Awakening/comments/1jffqpn/nisargadatta_%F0%9D%90%93%F0%9D%90%A1%F0%9D%90%9E_%F0%9D%90%94%F0%9D%90%A7%F0%9D%90%A2%F0%9D%90%AF%F0%9D%90%9E%F0%9D%90%AB%F0%9D%90%AC%F0%9D%90%9E_%F0%9D%90%96%F0%9D%90%A2%F0%9D%90%AD%F0%9D%90%A1%F0%9D%90%A2%F0%9D%90%A7_advaita/,884
https://www.reddit.com/r/Damnthatsinteresting/comments/996n6i/pills_dissolving_under_a_macro_lens/,885
https://www.reddit.com/r/StopEatingSugar/comments/aowsfc/what_happens_when_you_binge_on_sugar_science_of/,886
https://www.reddit.com/r/StopEatingSugar/comments/1azl98s/kelloggs_top_dog_says_if_you_are_poor_eat_cereal/,887
https://www.reddit.com/r/weightlifting/comments/1ep309w/strongest_man_and_woman_in_wl/,888
https://www.reddit.com/r/nextfuckinglevel/comments/1ixp6js/macro_videography_at_its_finest/,889
https://www.reddit.com/r/carbonsteel/comments/17y63yk/all_those_carnivorediet_guys_are_going_to_hate/,890
https://reddit.com/r/FatLoss/comments/gkp9sm/help_so_i_work_out_like_crazy_and_try_to_eat_my/,891
https://www.reddit.com/r/workouts/comments/148foxg/get_rid_of_back_rolls_and_get_a_sexy_back_with/,892
https://www.reddit.com/r/WTF/comments/1j1xdh8/what_are_those/,893
https://www.reddit.com/r/brittanydawnsnark/comments/10ujo3k/somebody_make_her_stopalso_seen_in_the_comments/,894
https://www.reddit.com/r/weightlifting/comments/1e7zreb/301kg_front_squat_pr/,895
https://www.reddit.com/r/FatLoss/comments/8s9xkm/keto_grocery_haul_eating_keto_on_a_budget/,896
https://reddit.com/r/FitLifeVideos/comments/p2f9r1/get_ready_folks_here_are_a_few_clips_from_my_7day/,897
https://www.reddit.com/r/aww/comments/ukz0ng/echidna_heading_home_after_having_a_power_nap_at/,898
https://www.reddit.com/r/BeAmazed/comments/1j6ustf/wombats_can_survive_without_water_for_weeks/,899
https://www.reddit.com/r/NYStateOfMind/comments/1fn7uwa/bronx_dominican_barber_collapses_in_the_middle_of/,900
https://www.reddit.com/r/StopEatingSugar/comments/cjfgw3/jack_la_lanne_sugarholics_1950s/,901
https://www.reddit.com/r/herbalism/comments/1f0wke1/farmer_here_in_lieu_of_the_hibiscus_flower_post_i/,902
https://www.youtube.com/watch?v=KW84rfN3JkE&feature=youtu.be,903
https://www.reddit.com/r/PlantBasedDiet/comments/1lrcjnv/carcinogenic_effect_debunked/,904
https://www.reddit.com/r/TruthLeaks/comments/1ho1sf3/video_test_file_electronica_track/,905
https://www.reddit.com/r/naturopathy/comments/bre3i0/ysk_ground_foods_often_obsorb_more_thus_whole/,906
https://www.reddit.com/r/FatLoss/comments/8ql4la/tips_on_using_a_modified_sprint_training_approach/,907
https://www.reddit.com/r/blackpeoplegifs/comments/1g5sd0q/men_walk_in_her_shoes_for_pretty_in_pink/,908
https://www.reddit.com/r/CalisthenicsCulture/comments/1juzwsy/second_calisthenics_workout_and_im_gonna_keep_it/,909
https://www.youtube.com/watch?v=cfhuSSl6XKs,910
https://www.reddit.com/r/SisterWivesFans/comments/18wwcgp/closer_look_at_the_six_pack_abs/,911
https://www.reddit.com/r/justgalsbeingchicks/comments/1lh2t6p/this_is_the_same_energy_i_bring_with_my_sweet/,912
https://www.reddit.com/r/BeAmazed/comments/1i7847z/is_this_level_of_precision_even_possible/,913
https://www.reddit.com/r/diet/comments/1lroo3k/im_obese_and_its_my_fault/,914
https://www.youtube.com/watch?v=DBqh79nf2ng,915
https://www.reddit.com/r/Awakening/comments/1lfc55y/made_a_videopoem_about_the_challenge_of_seeing/,916
https://www.reddit.com/r/entirebodyexercise/comments/1i5u3t7/9_bodyweight_exercises_for_fullbody_strength_and/,917
https://reddit.com/r/exercisepostures/comments/1liaxz2/standing_upper_back_stretch_to_correct_hunchback/,918
https://www.reddit.com/r/WTF/comments/1gn6z1v/poop_eating_fish/,919
https://www.reddit.com/r/antivax/comments/17zxqxm/i_organized_a_debate_between_a_harvard_grad/,920
https://www.reddit.com/r/MadeMeCry/comments/sr0a9r/a_difficult_pregnancy_journey_finding_its_happy/,921
https://www.reddit.com/r/exercisepostures/comments/oe7q8b/here_are_a_few_of_my_favorite_ab_exercises_follow/,922
https://www.reddit.com/r/Damnthatsinteresting/comments/1ix0ngy/macro_world_closeup_is_pretty_cool/,923
https://www.reddit.com/r/Unexpected/comments/160dp37/the_beauty_of_nature/,924
https://www.reddit.com/r/carnivorediet/comments/1lm8e3m/my_second_round_on_dr_anthony_chaffees_plant_free/,925
https://www.youtube.com/watch?v=HTzw_grLzjw,926
https://www.reddit.com/r/cardio/comments/uy6t40/20_min_lower_abs_and_obliques_all_standing_ab/,927
https://reddit.com/r/cardio/comments/1jjrbpt/made_some_treadmill_entertainment_vids/,928
https://www.reddit.com/r/ksi/comments/14dbgri/bro_ate_electrolytes/,929
https://www.reddit.com/r/skeptic/comments/1ll6w3n/the_fascist_cult_behind_the_latest_trump_stole/,930
https://www.reddit.com/r/FatLoss/comments/8jzla3/carb_cycling_for_fat_loss_eating_bread_beach/,931
https://www.reddit.com/r/weightlifting/comments/1loj50h/over_2x_bw_cj_and_288x_bw_back_squat_71kg_and_44yo/,932
https://www.reddit.com/r/tuckedinkitties/comments/wvyffz/bedtime_routine/,933
https://www.reddit.com/r/formula1/comments/ktb1vl/winter_break_strength_training_for_c_leclerc_in/,934
https://www.reddit.com/r/shitposting/comments/1c6wmmh/water_is_not_hydrated_enough_guys/,935
https://www.youtube.com/watch?v=ZsFNeQVuUPM,936
https://www.reddit.com/r/sports/comments/1jir5c0/felipe_camargos_finger_strength_training/,937
https://www.reddit.com/r/AnimalsBeingDerps/comments/fz4t9a/me_27_seconds_after_going_on_a_lowcarb_diet/,938
https://www.reddit.com/r/cardio/comments/1iiepj8/alpha_dumbbell_bodybuilding_program_day_18_legs/,939
https://www.reddit.com/r/StupidFood/comments/s9aub8/say_it_with_me_now_big_food_does_not_equal_good/,940
https://www.reddit.com/r/medicine/comments/mc3pxf/from_top_to_toe_the_beauty_of_human_anatomy/,941
https://www.reddit.com/r/RodriguesFamilySnark/comments/1hx3kcz/detox_heavy_metals_sign_up_for_plexus_to_learn/,942
https://www.reddit.com/r/oddlysatisfying/comments/r8leuz/this_ad_oc_macro_room_on_youtube/,943
https://www.reddit.com/r/exercisepostures/comments/zoztp7/follow_along_with_the_full_length_video_on/,944
https://www.reddit.com/r/BigPharma/comments/dwqyit/prescription_drugs_the_costco_kickbacks_the_fifth/,945
https://www.reddit.com/r/Costco/comments/1g4nxpy/he_gets_10lbs_of_ground_beef_to_meal_prep_for/,946
https://www.reddit.com/r/EasyPeasyRecipes/comments/1ktpuao/healthy_smoothie_smoothie_fyp_viral_recipe_recipe/,947
https://www.reddit.com/r/FatLoss/comments/7qfq9a/aesthetic_bodybuilding_transformation_weightloss/,948
https://www.reddit.com/r/BigPharma/comments/bg8sjm/do_google_and_bing_censor_online_pharmacy_search/,949
https://www.reddit.com/r/cardio/comments/p67bbu/hiit_workouts_are_ideal_for_someone_with_a_busy/,950
https://www.reddit.com/r/cats/comments/10q7wxk/how_can_i_help_it_i_dont_have_immediate_access_to/,951
https://www.reddit.com/r/Dachshund/comments/1ayqw6t/some_people_said_some_hurtful_things_about_her/,952
https://reddit.com/r/weightlifting/comments/1lt7fye/150kg_3_clean_2_pow_1_jerk/,953
https://www.reddit.com/r/ukraine/comments/1kyxxm8/from_viral_snack_reviews_to_rural_wisdom_and/,954
https://www.reddit.com/r/ARK/comments/1hkl750/deciding_to_clean_up_when_my_150_argy_needed_to/,955
https://www.reddit.com/r/HomeWorkoutVideos/comments/100njj2/what_are_you_fitness_related_new_years/,956
https://www.reddit.com/r/Nightshift/comments/1hjy7x1/so_true/,957
https://reddit.com/r/FitLifeVideos/comments/oryujd/here_are_few_clips_from_day_5_of_the_10_day_abs/,958
https://www.reddit.com/r/TikTokCringe/comments/w8hgm8/my_skincare_routine_before_my_wife/,959
https://www.reddit.com/r/HolUp/comments/mjbn14/neat_workout_tip/,960
https://reddit.com/r/boxingcirclejerk/comments/1m0js1i/mma_commentator_joe_rogan_gets_taken_out_by_slick/,961
https://www.reddit.com/r/NaturopathicMedicine/comments/kssqui/heres_an_informative_video_about_how_putting/,962
https://www.reddit.com/r/BeAmazed/comments/13jdmmr/overflowing_and_beautiful_natural_hair/,963
https://www.reddit.com/r/FatLoss/comments/a0aknn/lazy_keto_what_i_eat_in_a_day_upper_body_routine/,964
https://reddit.com/r/TruthLeaks/comments/1d7ubra/make_chemtrails_illegal/,965
https://www.reddit.com/r/FatLoss/comments/94af9m/body_fat_master_class_and_the_best_cardio_for_fat/,966
https://www.reddit.com/r/birding/comments/1iqxcap/beauty_in_nature_my_yard_in_maryland/,967
https://www.reddit.com/r/carnivorediet/comments/1fdjnw2/a_mom_who_tried_everything_before/,968
https://reddit.com/r/PublicFreakout/comments/1bjfam2/cant_touch_this/,969
https://reddit.com/r/FitLifeVideos/comments/zz0r4v/strong_core_muscles_provide_tons_of_benefits/,970
https://www.youtube.com/watch?v=6qbnnUzvo5U,971
https://www.reddit.com/r/BritneySpears/comments/1cxckj9/britney_shares_skincare_routine/,972
https://streamable.com/yorih3,973
https://www.reddit.com/r/ketoscience/comments/npejcr/why_you_shouldnt_quit_coffee/,974
https://www.reddit.com/r/DogAdvice/comments/1lnx002/12_year_old_shih_tzu_cant_walk_after_grooming/,975
https://www.reddit.com/r/PastPresentAndFuture/comments/1kwse71/crowd_kicks_guy_out_of_punk_rock_bowling_concert/,976
https://www.reddit.com/r/skeptic/comments/1lrjvn1/debunking_the_black_beethoven_myth/,977
https://www.youtube.com/watch?v=qWlf7sbomMQ&embeds_referring_euri=https%3A%2F%2Fwww.google.com%2Fsearch%3Fsca_esv%3D22a07d242c90b6fe%26sxsrf%3DAE3TifMQJC9IEugLSJaDsXnpv8gDfL46nw%3A1754025828436%26udm%3D7%26fbs%3DAIIjpHxU&source_ve_path=MjM4NTE,978
https://www.reddit.com/r/leagueoflegends/comments/kofjjj/healing_is_a_core_and_natural_mechanic_in_league/,979
https://www.reddit.com/r/enlightenment/comments/1fki382/profound_words_of_wisdom_to_contemplate_on/,980
https://www.youtube.com/watch?v=v76ei3ITO3c,981
https://www.reddit.com/r/CringeTikToks/comments/1lp8xzi/the_superfood_fad_went_too_far/,982
https://www.reddit.com/r/softwaregore/comments/ccut8j/well_thanks_for_the_tip/,983
https://www.reddit.com/r/Genshin_Impact/comments/oa1umn/as_our_journey_towards_inazuma_almost_begins_let/,984
https://www.reddit.com/r/AnimalsBeingDerps/comments/izlpjs/home_workouts_be_like/,985
https://www.reddit.com/r/Biohackers/comments/1lood9b/bpc157_and_tb500_check/,986
https://reddit.com/r/weightlifting/comments/1lq42fu/front_squat_help/,987
https://www.reddit.com/r/YouTubeSubscribeBoost/comments/m2zefn/great_home_workout_routine_to_thin_your_waist_and/,988
https://www.reddit.com/r/ImTheMainCharacter/comments/1b5who8/walmart_just_cant_get_a_break_from_mcs_huh/,989
https://www.reddit.com/r/UtterlyBizarre/comments/181ysxx/im_going_to_assume_this_woman_is_a_personal/,990
https://www.reddit.com/r/Awwducational/comments/q9f03g/the_diet_of_a_green_sea_turtle_changes_with_age/,991
https://reddit.com/r/enlightenment/comments/1k258fh/srj_is_dead/,992
https://www.youtube.com/watch?v=8m5ZManHfUo,993
https://reddit.com/r/weightlifting/comments/1lpp2as/on_my_way_to_become_quad_god_200kg_squat_at_65kg/,994
https://www.reddit.com/r/MadeMeSmile/comments/t97t1e/oc_made_a_tribute_to_my_wifes_pregnancy_journey/,995
https://www.reddit.com/r/WorkoutRoutines/comments/o71tgk/core_exercises_are_an_important_part_of_a/,996
https://www.reddit.com/r/WallStreetbetsELITE/comments/1jz2gx5/trump_2028_confirmed_i_fkn_cant_anymore_dude/,997
https://www.reddit.com/r/Damnthatsinteresting/comments/pu5u7w/large_electric_eels_can_deliver_up_to_860_volts/,998
https://www.reddit.com/r/MadeMeSmile/comments/1fhbcrd/moo_deng_the_pygmy_hippopotamus_isnt_even_old/,999
youtube.com/watch?si=DlHqsXcYuo4UjGRd&v=UwNFupxxOZM&feature=youtu.be,1000
