Title,Video ID,Channel,Published At,URL,Description,Video Length,Views,Likes,Comments
This Genius Discovered a Secret Trick About Coca Cola ‚ù§Ô∏è,lbtXlBcPVWE,Denis Brem,2025-01-08T19:12:20Z,https://www.youtube.com/watch?v=lbtXlBcPVWE,shorts.,20,41113882,1288899,3732
I put coffee and secret ingredients in my mouth?!üò± #shorts #shortsfeed #viralshorts #challenge,nhuqRivdEFA,ATROCITY,2025-02-11T13:15:06Z,https://www.youtube.com/watch?v=nhuqRivdEFA,,8,9430425,60021,89
Harvesting Konjac: The Secret Ingredient Behind This Unique Delicacy!,FdCajNIPueo,TrendBlitz Daily,2025-02-07T08:43:45Z,https://www.youtube.com/watch?v=FdCajNIPueo,Harvesting Konjac: The Secret Ingredient Behind This Unique Delicacy! Description: Discover the fascinating process of ...,60,8049662,199598,669
Secret Pav-bhaji Recipe #shorts,UIfjnZlouOk,Denish Tanna,2025-03-11T06:56:52Z,https://www.youtube.com/watch?v=UIfjnZlouOk,1. Pav Bhaji Recipe 2. Indian Street Food 3. Pav Bhaji Making 4. Mumbai Street Food 5. Pav Bhaji Video 1. Pav Bhaji recipe with ...,59,11561268,391340,767
The Hidden Secret To Pecan Pie,se3qUl-HHDw,Vat19,2025-01-09T14:45:07Z,https://www.youtube.com/watch?v=se3qUl-HHDw,Buy here: https://www.vat19.com/item/pecan-pie-in-a-jar #shorts #vat19 #curiouslyawesome #pie #thanksgiving Subscribe to ...,27,4235890,190394,456
Farah Khan's SECRET Palak Paneer Recipe REVEALED! #shorts #easyrecipe,ej1yCQWlOUE,leasyfood ,2025-01-11T12:40:01Z,https://www.youtube.com/watch?v=ej1yCQWlOUE,Farah Khan's SECRET Palak Paneer Recipe REVEALED! #shorts #easyrecipe Farah Khan's SECRET Palak Paneer Recipe ...,59,4207793,109955,168
Gordon Ramsay Confused Over Chef's Secret Ingredient,5-th9_Wrx0w,Ascend Chefs,2025-02-15T01:40:44Z,https://www.youtube.com/watch?v=5-th9_Wrx0w,,,,,
Hidden veggie maggi ! This is going to blow your mind how delicious it is. Maggi lovers assemble,Qpw1g6IRhPQ,Chef Neha Deepak Shah,2025-01-30T06:56:40Z,https://www.youtube.com/watch?v=Qpw1g6IRhPQ,,43,3068174,142890,323
New secret revealed by KN smily ‚ú®,SO7DWmOwKtI,Ogskinscare,2025-02-08T11:30:17Z,https://www.youtube.com/watch?v=SO7DWmOwKtI,New secret revealed by KN smily ‚ú® Korean Tan removal pack with Curd & Muttani Metti OG secret ingredient give extra spotless ...,28,4519229,86804,176
This SECRET Ingredient Makes the Best Ice Cream! | Healthy + Sugar-Free,1kfav2JLNVA,Satvic Movement,2025-03-19T13:00:07Z,https://www.youtube.com/watch?v=1kfav2JLNVA,"Share this so more people stop eating junk-filled ice cream! Ever since we made this black pearl icecream, it has become a ...",50,3573817,111636,553
Must-Try Sprouted Coconut Apple ‚Äì India‚Äôs Sweet Hidden Gem!,wkKRQSyh_oM,Tasty Moon,2025-03-04T02:00:39Z,https://www.youtube.com/watch?v=wkKRQSyh_oM,Must-Try Sprouted Coconut Apple ‚Äì India's Sweet Hidden Gem! Chennai in India #shorts #indianstreetfood #indianfood.,37,6172675,37213,64
Nitesh Soni's SECRET Golden Barfi Recipe Revealed! #shorts #easyrecipe,QRq-hoAGmwI,leasyfood ,2025-01-23T13:00:36Z,https://www.youtube.com/watch?v=QRq-hoAGmwI,"Nitesh Soni's SECRET Golden Barfi Recipe Revealed! #shorts #easyrecipe Recipe = pumpkin seeds, Sunflower seeds chia ...",49,2333476,69198,149
Sneaky Veggie Pasta that Even Picky Eaters Will Love!,SruyyF85fYQ,Ahmad Noori,2025-01-20T21:31:28Z,https://www.youtube.com/watch?v=SruyyF85fYQ,This creamy and flavorful Hidden Veggie Pasta is a perfect way to sneak extra vegetables into your meal without compromising on ...,25,1873938,78963,274
Actress Shruthika's glowing skin secret! ‚ú® Her magic ingredient: Moong Dal Powder! üíö,yAlhKgfQl3M,Ogskinscare,2025-02-21T23:30:15Z,https://www.youtube.com/watch?v=yAlhKgfQl3M,"Actress Shruthika's glowing skin secret! ‚ú® Her magic ingredient: Moong Dal Powder! Removes dirt, dead cells, and dark ...",17,2867831,40473,55
I made buldak carbonara instant noodles from scratch! üî•üê§,YjlrS6XOpjo,Late Night Anna,2025-02-27T05:36:07Z,https://www.youtube.com/watch?v=YjlrS6XOpjo,BULDAK CARBONARA INSTANT UDON RECIPE: Fire chicken sauce sachet - 1 tbsp Gochujang - 1 tbsp gochugaru - 2 tsp ...,59,1433184,86542,411
FARAH KHAN Shares Her SECRET Ghee Wali Dal Recipe! #shorts #easyrecipe,NRojeLR_0as,leasyfood ,2025-03-05T12:40:00Z,https://www.youtube.com/watch?v=NRojeLR_0as,FARAH KHAN Shares Her SECRET Ghee Wali Dal Recipe! #shorts #easyrecipe FARAH KHAN Shares Her SECRET Ghee Wali ...,59,1795909,26581,63
Kadukkai Powder Face Pack üíï ‚Äì 10x Faster for Clear & Glowing Skin! üòç‚ù§Ô∏è,dXCN_OdpGzk,Ogskinscare,2025-02-23T11:30:22Z,https://www.youtube.com/watch?v=dXCN_OdpGzk,Kadukkai Powder Face Pack ‚Äì 10x Faster for Clear & Glowing Skin! ‚ù§Ô∏è Now Available at @ogskinscare with a Secret ...,35,1277938,19700,93
SECRET for Crispy Chicken Wings,K6NF-pDiSAg,TriggTube,2025-02-08T01:19:24Z,https://www.youtube.com/watch?v=K6NF-pDiSAg,"The Crispiest Chicken Wings I've tried, baking, frying, air frying, roasting, and broiling, but these are by far the best wings I've ever ...",60,841277,49162,643
Waffle House's Secret Ingredient: Jerry the Rat? sound:@tyler.vitelli #funny #shorts,gjLlK8UIhWk,Drama Club,2025-02-23T18:15:04Z,https://www.youtube.com/watch?v=gjLlK8UIhWk,,55,799009,24470,516
Potato Protein Bagels,lEJVISdRTkk,Potato Goodness,2025-01-27T16:00:23Z,https://www.youtube.com/watch?v=lEJVISdRTkk,You have seen the Greek yogurt bagels. These have a nutrient-dense secret ingredient to increase your vegetable intake. Hint: it's ...,57,736423,98,2
Here‚Äôs HOW To UNLOCK This SECRET DTI  QUEST CUTSCENEüíåüëπ,rExAe5gIX2o,Itsjustnicholas,2025-02-09T17:28:06Z,https://www.youtube.com/watch?v=rExAe5gIX2o,,32,708416,33375,576
You‚Äôre Not Making Slime Wrong!üò±#stem #education #shorts,sSEDkYNTq8o,Kawaii Slime Company,2025-01-23T01:00:44Z,https://www.youtube.com/watch?v=sSEDkYNTq8o,It's all about the secret ingredient!   We are showing you how you are making slime right! You just have to keep mixing! #slime ...,40,847090,16343,0
Three Atlanta hidden gems you should know aboutüíé #atlanta #atl #atlantafood #food #foodreview,t3Fl5JIxGC8,Arwin Appetite ,2025-03-11T22:40:07Z,https://www.youtube.com/watch?v=t3Fl5JIxGC8,,39,664989,24959,464
What‚Äôs that secret?!,SrVIo68pCIE,Unsaid Tales,2025-01-14T13:00:40Z,https://www.youtube.com/watch?v=SrVIo68pCIE,,49,343917,16540,214
Egg First or Rice First? The Secret to Perfect Egg Fried Rice! üçöüî•,Av6Ygn64AJo,Chongbian's Kitchen,2025-03-07T12:00:22Z,https://www.youtube.com/watch?v=Av6Ygn64AJo,Join this channel to get access to perks: https://www.youtube.com/channel/UCh2MVctisMQnFA2VOlabsdQ/join Is egg fried rice ...,38,343301,7161,88
Minecraft Mystery Ingredients Challenge #minecraft #shorts #minecraftshorts,87kVUvQffYE,Skip the Tutorial,2025-02-11T16:03:00Z,https://www.youtube.com/watch?v=87kVUvQffYE,"Edited by LocalJon All original content, unless expressly noted otherwise, is ¬©2025, by the Skip the Tutorial creator, all rights ...",49,325130,22453,58
Big Mac Sauce Recipe Leaked by McDonald's Employee üò≤,R4GGTDOLO5A,Streamer Beamer,2025-01-24T15:08:13Z,https://www.youtube.com/watch?v=R4GGTDOLO5A,shorts.,33,335858,16782,946
Chef Guide to Pork Curry,eDz8fEogb0A,Fallow,2025-02-21T19:18:39Z,https://www.youtube.com/watch?v=eDz8fEogb0A,,60,298259,9337,198
üíõ Actress Vanitha's secret Natural Scrub?,XyceLTwknAI,Ogskinscare,2025-02-24T23:30:12Z,https://www.youtube.com/watch?v=XyceLTwknAI,"Actress Vanitha's secret Natural Scrub? ‚úì Instant Glow & Exfoliation ‚Äì Besan removes dead skin cells for a smooth, radiant look.",20,246768,2224,2
Hidden German Recipe‚ù§Ô∏èSIMPLE Recipe‚ùó,ZaSqKCKLYGs,XXXNataliiaRECIPE,2025-02-13T22:35:35Z,https://www.youtube.com/watch?v=ZaSqKCKLYGs,Hidden German Recipe‚ù§Ô∏èSIMPLE Recipe‚ùó Ingredients: Tomato 1 pc Melon 100 g Ginger on the tip of a spoon Honey 1 ...,157,232897,283,8
SALAD SHIRAZI with a secret ingredient,04kFhi1HWsA,SHREDHAPPENS,2025-03-23T14:30:00Z,https://www.youtube.com/watch?v=04kFhi1HWsA,"Want 100+ more easy recipes like this? My new cookbook, So Easy, So Good, is HERE! Grab your copy at: ...",36,311136,9778,119
A nutritionists SECRET ingredient pasta sauce üçùüî•‚ù§Ô∏è  #hiddenveg #homemadesauce #healthyrecipes,JEB3tYHM42I,_EmilysWorld,2025-01-11T07:24:30Z,https://www.youtube.com/watch?v=JEB3tYHM42I,Over the next few weeks I am going to be sharing with you my ALL TIME FAVOURITE recipes that encorporate lots of veggies but ...,15,215985,10315,37
Healthy Pav Bhaji With One Secret Ingredientüòç #shorts #pavbhaji #trending,6CmbKQOZCZI,Foodies Food Court,2025-01-31T06:07:55Z,https://www.youtube.com/watch?v=6CmbKQOZCZI,,48,235938,14985,44
How to UNLOCK the SECRET DOOR in Dress to Impress Valentines Update! üíò #dresstoimpress #roblox #dti,JpMstxlZ6sQ,GamingMermaid,2025-02-10T02:00:26Z,https://www.youtube.com/watch?v=JpMstxlZ6sQ,How to UNLOCK the SECRET DOOR in Dress to Impress Valentines Update 2025! #dresstoimpress #roblox #dti.,54,231537,8459,216
What's Hidden in THIS Teacher's Desk?,nUfNkO8SaGA,RedditZip,2025-01-12T22:22:19Z,https://www.youtube.com/watch?v=nUfNkO8SaGA,What's Hidden in THIS Teacher's Desk? **Screenshot this comment and enjoy!** ‚ú® --- ### **Potato and Meat Dumplings ...,109,172491,11974,60
üî• The Creamiest Pasta You‚Äôll EVER Eat! Quick & Easy Dinner Idea! ü§Ø,LiqU6D5gOzY,Cooking-Fa,2025-02-20T16:22:10Z,https://www.youtube.com/watch?v=LiqU6D5gOzY,"The best creamy pasta recipe you NEED to try! This sauce is pure magic ‚Äì roasted veggies, creamy texture, and packed with ...",20,207841,7448,48
NO-PROTEIN POWDER 30G protein NATURAL PROTEIN SMOOTHIE ‚Äã‚Å†@cookingforpeanuts DIABETIC-FRIENDLY ü•∞,ebCgaaFrp6k,cookingforpeanuts,2025-01-30T14:00:01Z,https://www.youtube.com/watch?v=ebCgaaFrp6k,"cookingforpeanuts This all-natural, plant-based protein smoothie is loaded with whole-food ingredients that provide a satisfying ...",33,176204,10184,235
perfect soup for cold and flu season ü§í #recipe #soup #shorts,wlyVqjsv3LQ,Carleigh Bodrug,2025-03-08T17:45:13Z,https://www.youtube.com/watch?v=wlyVqjsv3LQ,,23,224899,12967,89
The Shocking Truth About Beef Jerky!,RvPDwTyCI8Q,Dr. Eric Berg DC,2025-01-07T10:00:33Z,https://www.youtube.com/watch?v=RvPDwTyCI8Q,"Singing Pastures Link: http://bit.ly/4a4fs6U (Use Code ""DRBERG20"" for 20% off) Discover the shocking truth about Slim Jim jerky ...",26,165106,8321,310
Zuniga on Secret Juice To Boost TestosteroneüßÉüß¨,g-jb2KuecGQ,Men Style Community,2025-02-06T16:39:30Z,https://www.youtube.com/watch?v=g-jb2KuecGQ,Secret Juice To Boost Testosterone     Jose Zuniga reveals hidden ingredients to cook a natural potion at home to increase ...,,,,
Chick-fil-A Secret Sauce Recipe #shorts #cooking #recipe #asmr,pdG5s0N-kBo,Meatlicious,2025-01-12T14:35:24Z,https://www.youtube.com/watch?v=pdG5s0N-kBo,,27,143778,12242,96
Zuniga on 3 Secret Ingredients To Cook Man's Super-Juice,z1qva0qhGsM,Men Style Community,2025-03-23T09:51:14Z,https://www.youtube.com/watch?v=z1qva0qhGsM,"3 Secret Ingredients To Cook Man's Super-Juice Jose Zuniga reveals the best natural smoothie juice with moringa powder, honey ...",,,,
Subway‚Äôs Southwest Chipotle CopyCat Sauce #shorts #recipe #cooking #asmrfood,hcMsJTQ9S6Q,Meatlicious,2025-01-17T14:56:57Z,https://www.youtube.com/watch?v=hcMsJTQ9S6Q,,34,128875,6029,131
The Secret Williams Sonoma Simmer Pot Recipe,s1Ild8resQw,Lorafied,2025-02-24T17:10:30Z,https://www.youtube.com/watch?v=s1Ild8resQw,Connect with me! Instagram : https://www.instagram.com/lorafied/ Pinterest: https://www.pinterest.com/LORAfied/ Tiktok: ...,58,101288,5763,49
HEALTHY FUDGE BROWNIE BITES | easy & high protein dessert #brownie #healthydessert #easyrecipe,PQ6Vue72Mf4,Miranda Brady,2025-01-29T07:50:01Z,https://www.youtube.com/watch?v=PQ6Vue72Mf4,,27,105934,3328,25
Bhubneswar Roadside wala Gupchup ‡¨¨‡¨®‡≠á‡¨á‡¨≤‡¨ø ‡¨®‡¨ø‡¨ú‡≠á ‡¨ò‡¨∞‡≠á ‡•• #odishavlogger in Aboard. Gupchup lover.,fjxViJY4SDI,Sweety In Dubai,2025-02-04T14:28:47Z,https://www.youtube.com/watch?v=fjxViJY4SDI,,60,63381,4391,21
In-N-Out‚Äôs Secret Sauce Recipe #shorts #cooking #recipe #asmr,ZpGKKtIY4og,Meatlicious,2025-01-31T14:57:18Z,https://www.youtube.com/watch?v=ZpGKKtIY4og,,26,88042,5342,86
Farah Khan's SECRET Baingan Ka Bharta Recipe Revealed! #shorts #easyrecipe,Kkvm99NR8R8,leasyfood ,2025-03-22T12:40:00Z,https://www.youtube.com/watch?v=Kkvm99NR8R8,Farah Khan's SECRET Baingan Ka Bharta Recipe Revealed! #shorts #easyrecipe Farah Khan's SECRET Baingan Ka Bharta ...,60,63260,1408,2
My secret ingredient for a vibrant Broccoli Cheddar Soup that's super tasty and ready in 25 mins!,jxbYVaDMJ3o,Kitchen Sanctuary,2025-01-20T15:00:56Z,https://www.youtube.com/watch?v=jxbYVaDMJ3o,"My broccoli cheese soup is a delicious blend of tender broccoli, rich cheddar, and creamy perfection, with just the right balance of ...",175,54871,574,28
Do you like Shanxi Quwo Yee Noodles?# Quwo Cuisine# Quwo Yee Noodles# Local Features,FkTViAUN09M,Special Street Food,2025-02-12T10:30:57Z,https://www.youtube.com/watch?v=FkTViAUN09M,"Hi, foodies all over the world!  Welcome to ‚ÄùSpecial Street Food ‚Äù! Our channel is like a delicious adventure map, taking you ...",24,30825,564,0
Even the pickiest of eaters would love this hidden veggie pasta sauce üòå #pasta #shortsfeed #dinner,DtvWTMN5LJU,GoodFoodBaddie,2025-01-16T22:16:38Z,https://www.youtube.com/watch?v=DtvWTMN5LJU,"I'll never say no to pasta, esp one as nourishing as this. I like to use chickpea protein noodles to add even more nutrients to my ...",36,35596,4308,68
Desi Murgh Salan | PAKISTANI HIDDEN GEM | Village  Food Secrets | #saqibmobeen #shorts #streetfoodpk,utiKYDbfiqk,Saqib Mobeen,2025-01-01T07:00:36Z,https://www.youtube.com/watch?v=utiKYDbfiqk,,57,40816,1962,27
The BEST Nacho Cheese,-ZVdU5gRTSQ,Chili Pepper Madness,2025-02-08T13:00:00Z,https://www.youtube.com/watch?v=-ZVdU5gRTSQ,This spicy homemade nacho cheese sauce recipe is easy to make and tastes just like movie theater nachos with a trick I learned ...,44,135885,3489,49
This Secret Ingredient Was Too Scandalous for Disney World üò≥,Gg-xh4PvK2E,DFBGuide,2025-01-28T23:00:19Z,https://www.youtube.com/watch?v=Gg-xh4PvK2E,What do you think about this? #disney #disneyworld #themepark.,46,23430,889,20
ü§´I Tried The Secret Dubai Chocolate Barüç´,0l_IiADSVTk,Fuego,2025-03-26T18:15:00Z,https://www.youtube.com/watch?v=0l_IiADSVTk,"Welcome back to Fuego Foods! In this episode, we're diving into the world of luxury and indulgence as we explore the viral Dubai ...",27,23989,325,14
The best chocolate cake made with black beans?!,WCEjKmq4DYM,The Pancake Princess,2025-01-07T16:33:18Z,https://www.youtube.com/watch?v=WCEjKmq4DYM,,28,27204,1779,40
Pasta with a secret ingredient üò∂ü§Ø,-YRcZGV0oXU,Kirti Bhoutika,2025-01-15T15:22:50Z,https://www.youtube.com/watch?v=-YRcZGV0oXU,,29,18753,837,4
Discover MUMBAI'S Famous Halva Paratha Secret in Mahim? üòã,AyqllRz-f7o,Dear Food,2025-03-20T07:47:01Z,https://www.youtube.com/watch?v=AyqllRz-f7o,dearfood1 @foodieonly @TheFoodieNation @PeopleVsFood @BestEverFoodReviewShow @foodiemama2210 ...,56,21360,194,0
Secret Ingredient High Protein Chocolate Mousse | Ep. 46 Healthy Dessert Series #chocolatemousse,3WH84LE-cTY,Adilicious,2025-02-14T06:30:01Z,https://www.youtube.com/watch?v=3WH84LE-cTY,,28,16724,596,9
I Perfected the VIRAL TikTok Sourdough Croissant Loaf (Secret Ingredient!) #sourdough #artisanbread,_6xL3Easats,My Formosa Food,2025-03-27T11:00:47Z,https://www.youtube.com/watch?v=_6xL3Easats,"I Perfected the VIRAL TikTok Sourdough Croissant Loaf (Secret Ingredient!) For the full recipe, please check out my video!",53,32197,1006,20
Does Your Sunscreen Contain Hidden Chemicals? | Physical Mineral vs. Chemical Sunscreens | Mistakes!,aEkKd20lRfU,Juvena Herbals,2025-01-25T06:30:00Z,https://www.youtube.com/watch?v=aEkKd20lRfU,"Physical mineral sunscreen never penetrates deep into your skin. Its purpose is to act as a shield on the surface of your skin, ...",50,20145,569,9
Easy Homemade Hamburger Helper Recipe - Hidden Veggie Option,WqpJfgx_5sM,What Great Grandma Ate,2025-03-15T19:00:39Z,https://www.youtube.com/watch?v=WqpJfgx_5sM,Full recipe link to copy + paste: https://whatgreatgrandmaate.com/homemade-hamburger-helper/,35,14910,1188,13
Creamsicle Popsicles (with Hidden Zucchini),kopAiRA7GKM,What Great Grandma Ate,2025-03-09T22:51:35Z,https://www.youtube.com/watch?v=kopAiRA7GKM,Recipe link to copy + paste: https://foodsocial.io/recipe/creamsicle-popsicles-with-hidden-zucchini/,38,12362,1140,10
EASY Sleepy Girl Mocktail Recipe! #shorts #sleepygirlmocktail #recipe pe,FmRBXUBtWAA,nourishmovelove,2025-01-23T15:00:19Z,https://www.youtube.com/watch?v=FmRBXUBtWAA,"If you're on a mission to get a sleep score that's higher than your husbands, you need to make this Sleepy Girl Mocktail! My secret ...",33,10339,365,14
Tortellini Soup (secret ingredient),neYJ3wy6r3g,Cooking With Ayeh,2025-01-21T15:29:45Z,https://www.youtube.com/watch?v=neYJ3wy6r3g,"This Creamy Tortellini Soup screams comfort food . It's crazy easy to make in 30 mins, and you know I love using a secret ...",31,12583,817,11
Dum Kokur Secret! The Royal Kashmiri Chicken Dish üçóüî•,5wMIC3QAaO4,"War4u Tv -  Eat, Explore, Unbox",2025-02-02T14:37:00Z,https://www.youtube.com/watch?v=5wMIC3QAaO4,"Dum Kokur ‚Äì The Royal Kashmiri Chicken Dish! Slow-cooked, rich, and packed with aromatic Kashmiri spices‚ÄîDum Kokur ...",31,29113,379,17
White Chocolate Macadamia Nut Cookies!,MS9DYO1i22Y,Butternut Bakery,2025-01-30T17:15:02Z,https://www.youtube.com/watch?v=MS9DYO1i22Y,"These are seriously the BEST White Chocolate Macadamia Nut Cookies. Using a few secret ingredients, this recipe is an elevated ...",25,19386,1209,9
ACTION BRONSON'S VIRAL SANDWICH SECRET INGREDIENT,jI9ZeN0SYAM,Action Bronson,2025-01-09T20:00:23Z,https://www.youtube.com/watch?v=jI9ZeN0SYAM,SHOP LIMITED FTD MERCH ONLY AT: HTTPS://WWW.BAKLAVAFLEAMARKET.COM Follow: ...,17,10302,270,2
Brown Butter Miso Chocolate Chip Cookies!,n8JlQQc0q34,Butternut Bakery,2025-02-18T17:15:05Z,https://www.youtube.com/watch?v=n8JlQQc0q34,"These miso chocolate chip cookies will blow your mind! Made with rich brown butter, melty dark chocolate, and umami miso, they ...",22,12805,738,5
Modelling Chocolate Recipe: my Secret to Making it Stretchable,vuIEG_VbDQE,DiyaCakesIt,2025-01-20T17:27:38Z,https://www.youtube.com/watch?v=vuIEG_VbDQE,It took me a lot of patience and trials but I finally found a way to make modelling chocolate stretchable!   The science behind it is ...,25,12655,446,15
Spinach Artichoke Dip,S1KFgAOFP48,Simply Made Eats,2025-02-07T20:58:58Z,https://www.youtube.com/watch?v=S1KFgAOFP48,It's Super Bowl week and this Spinach and Artichoke Dip is so yummy with a secret ingredient bacon This recipe is ready in ...,18,8449,0,6
The Secret Ingredient in Mashed Potatoes That Will Blow Your Mind! #hellskitchen  #masterchef,H3W-ylBOy1c,Gordon Ramsay Hell's Kitchen,2025-02-02T18:57:34Z,https://www.youtube.com/watch?v=H3W-ylBOy1c,Discover the surprising twist in this chicken fried ribeye dish with Yukon gold mashed potatoes and white truffle cream gravy!,27,10244,200,3
The SECRET To Takeaway Egg Fried Rice!,-QAroSApKmU,Adam Garratt,2025-01-11T15:39:58Z,https://www.youtube.com/watch?v=-QAroSApKmU,"eggfriedrice #foodtok #foodies Egg fried rice is one of the most popular dishes when ordering at a chinese takeaway, but have ...",60,6084,208,40
Exposing Deceptive Ingredients and Hidden Sugars in Food #sugarcravings #motivation #foodfacts,s84-jzQp-Lo,SnapIt Health & Motivation,2025-01-03T02:00:36Z,https://www.youtube.com/watch?v=s84-jzQp-Lo,shorts #sugarawareness #healthtips #jayshetty #jayshettypodcast #glucoserevolution #nutrition #healthyliving #foodlabels ...,34,5909,146,1
The secret ingredient to Newfoundland influencer Mrs. Brown's TikTok fame,RVt0Ubd8Ces,CTV News,2025-02-06T23:52:51Z,https://www.youtube.com/watch?v=RVt0Ubd8Ces,A Newfoundland influencer is cooking up fame on TikTok where her videos are going viral. Garrett Barry has the story of St. John's ...,137,5620,103,11
SECRET INGREDIENT FOR INSTANT DETAN! #shorts #detanning #feetcare #diyskincare #homeremedies,9TIOvVTFD9Y,Glamrs,2025-03-04T12:30:07Z,https://www.youtube.com/watch?v=9TIOvVTFD9Y,,19,6040,190,1
Unveiling The Ultimate Smoked Salmon Dip Secret,VhmWesdcbvg,Cooking with Shotgun Red,2025-02-06T21:06:56Z,https://www.youtube.com/watch?v=VhmWesdcbvg,Get ready to unlock the secret to the best smoked salmon dip ever with this #recipe! Discover the world's best smoked salmon dip ...,92,7650,548,35
The Hidden Ingredients Barbara O'Neill Looks For In Every Meal #Shorts #BarbaraOneill,8jY2AG1LJas,Barbara O‚ÄôNeill,2025-03-31T19:45:00Z,https://www.youtube.com/watch?v=8jY2AG1LJas,"Curious about the role of fiber, protein, and fats in your diet? Barbara O'Neill explores the surprising nutritional benefits of ...",51,8963,314,4
The Secret Ingredient That Makes Cookies Taste 10x Better,NzAcoKnugKg,Our Gabled Home,2025-02-09T14:00:32Z,https://www.youtube.com/watch?v=NzAcoKnugKg,Take your classic chocolate chip cookies to the next level by adding sourdough. Here's the recipe: ...,34,4470,264,8
The Ultimate Chocolate Muffins Made with Sourdough Discard,Kys1Z45NggU,Sugar Spun Run,2025-01-17T13:00:34Z,https://www.youtube.com/watch?v=Kys1Z45NggU,Find the tutorial here: https://youtu.be/cgs6SqXQQYk.,31,4295,254,11
üå∂Ô∏è Kimchilli üå∂Ô∏è,fk-OUY9uZ74,BOSH!,2025-02-23T10:00:42Z,https://www.youtube.com/watch?v=fk-OUY9uZ74,"A bold, flavour-packed chilli with smoky spices, rich red wine, and a hit of BOSH! kimchi for next-level depth. Perfect for a cozy ...",22,4068,277,4
‚òïÔ∏è The SECRET to PERFECT Homemade Clay! (Coffee Edition!) ‚òïÔ∏è,LmTRttVpv9Y,Our Upcycled Life,2025-01-17T19:49:12Z,https://www.youtube.com/watch?v=LmTRttVpv9Y,Trying Out The Coffee Clay Diy! Does It Really Work? https://youtu.be/TrN_NBOZYaU You WON'T believe what makes this clay so ...,31,4187,116,8
Secret Chili Ingredient!,soL1zqgrnCw,Certified Angus Beef ¬Æ,2025-02-27T14:15:11Z,https://www.youtube.com/watch?v=soL1zqgrnCw,The best-kept chili secret?   Cocoa powder. Just 1 tablespoon takes your chili from ordinary to unforgettable. Try it‚Äîthen wait for ...,30,3684,112,3
The BEST fast food ranch,xM-2D6ZnXrI,Gidsgids,2025-02-14T01:15:19Z,https://www.youtube.com/watch?v=xM-2D6ZnXrI,Wingstop Ranch Copycat Recipe Ingredients: * 1 cup buttermilk * 1 cup mayonnaise (preferably full-fat for creaminess) * 1 1‚ÅÑ2 ...,28,7353,594,10
Quick & easy aloo sabzi with secret ingredient! #aloo #aloorecipe #indianrecipe #vegetarian #food,Gmx6XEle7VA,Harshita Aggarwal,2025-02-04T06:28:49Z,https://www.youtube.com/watch?v=Gmx6XEle7VA,,40,6597,248,4
How to make Butter Garlic Chicken Recipe #shorts # #chickenrecipe #food,mdf-DU_VBdU,Secret Chef Asmr,2025-01-19T12:30:45Z,https://www.youtube.com/watch?v=mdf-DU_VBdU,Discover the secret ingredient that will take your butter garlic chicken recipe to the next level! Watch this video to find out what ...,33,8622,309,4
You are the secret ingredient ü´µ‚öúÔ∏èüòà #shorts #motivation #sigmarule #mindset,BeG48JkQVdg,Yt | Am motivation ,2025-02-12T17:00:22Z,https://www.youtube.com/watch?v=BeG48JkQVdg,You are the secret ingredient ‚öúÔ∏è   #shorts #motivation #sigmarule #mindset @officialbillionairegang @insidebillionaires ...,12,6460,472,2
This Secret Ingredient Will Shock You!üò±‚ù£Ô∏è#shorts,MBz33fUAadY,The Daniel Show,2025-01-05T20:28:01Z,https://www.youtube.com/watch?v=MBz33fUAadY,This Secret Ingredient Will Shock You!  ‚ù£Ô∏è#shorts.,33,6428,0,0
Este ingrediente secreto te sorprenderaÃÅ ü§Øü•ó#shorts,Kg-nwSWdJf4,KOBACK,2025-03-29T02:11:54Z,https://www.youtube.com/watch?v=Kg-nwSWdJf4,,,,,
Cauliflower Rice with a Secret ingredientü§´ #shorts #youtubeshorts #youtube #lunchbox #food #cooking,1F9UlJ4H3z8,Mouni tho Muchatlu,2025-03-07T06:30:05Z,https://www.youtube.com/watch?v=1F9UlJ4H3z8,Cauliflower Rice with a Secret ingredient   #shorts #youtubeshorts #youtube #lunchbox #food #cooking #ytshorts #shortvideo ...,60,7839,439,11
Here‚Äôs the secret ingredient to a good crawfish boil. #crawfishboil #crawfish,_A7ttGnZTnY,TECH IN THE BATHROOM,2025-03-11T14:24:49Z,https://www.youtube.com/watch?v=_A7ttGnZTnY,,59,6150,152,9
The Secret Ingredient In My Salad #shorts #ingredients #mukbang,5f8GzXPdXo0,Khatta Meetha Mukbang,2025-03-06T11:25:45Z,https://www.youtube.com/watch?v=5f8GzXPdXo0,The Secret Ingredient In My Salad #shorts #ingredients #mukbang.,18,6145,56,0
Love is the secret ingredient to this perfect cake! üíñüç∞ #CakeLove#BakingJoy#HomemadeCake#BakingFun,1v71JgOoSuY,Ira,2025-01-21T11:01:38Z,https://www.youtube.com/watch?v=1v71JgOoSuY,,36,6073,186,2
McDonald's Pancakes Have a SECRET Ingredient #shorts #food,RxVrvzvbEBY,Brent's Bistro,2025-03-28T23:30:05Z,https://www.youtube.com/watch?v=RxVrvzvbEBY,"How to make McDonald's pancakes at home #shorts If you're a fan of McDonald's breakfast, you don't want to miss this! A cup of ...",18,6949,99,11
The SECRET To Takeaway Egg Fried Rice!,-QAroSApKmU,Adam Garratt,2025-01-11T15:39:58Z,https://www.youtube.com/watch?v=-QAroSApKmU,"eggfriedrice #foodtok #foodies Egg fried rice is one of the most popular dishes when ordering at a chinese takeaway, but have ...",60,6084,208,40
Exposing Deceptive Ingredients and Hidden Sugars in Food #sugarcravings #motivation #foodfacts,s84-jzQp-Lo,SnapIt Health & Motivation,2025-01-03T02:00:36Z,https://www.youtube.com/watch?v=s84-jzQp-Lo,shorts #sugarawareness #healthtips #jayshetty #jayshettypodcast #glucoserevolution #nutrition #healthyliving #foodlabels ...,34,5909,146,1
Secret ingredient in your ghee | oRegion  #ghee #bilonaghee,Ww0gYIEaPbM,oRegion¬Æ ,2025-01-12T17:47:16Z,https://www.youtube.com/watch?v=Ww0gYIEaPbM,"Think you know ghee? Think again! ‚ú® At oRegion, we've replaced chemicals with a secret natural antioxidant for pure, ...",65,7246,108,3
Bananas: The Secret Ingredient Your Plants Need,Xk0Kz4ly8-k,Igteg,2025-02-08T01:46:56Z,https://www.youtube.com/watch?v=Xk0Kz4ly8-k,,32,5847,232,7
Will Anyone Taste the Secret Ingredient in these Cookies #cookies #tastetest,2OfZdorjGUM,Four Kids Cooking,2025-03-20T22:32:19Z,https://www.youtube.com/watch?v=2OfZdorjGUM,"We made amazing, soft and chewy peanut butter cookies, but they have an unexpected ingredient. We wanted to see if anyone ...",35,5765,101,6
ü•û The Fluffiest Pancakes Ever! (Secret Ingredient Revealed!) üçØüî• #shorts  #pancake,wYQOhHB44Pw,FutureScope,2025-03-18T14:01:08Z,https://www.youtube.com/watch?v=wYQOhHB44Pw,"Want pancakes fluffier than a cloud? ‚òÅÔ∏è Try this SECRET ingredient that makes them extra light, airy, and melt-in-your-mouth ...",29,5551,96,3
How To Make The Crispiest Chinese Fried Chicken üçóüî• With This Secret Ingredient! üïµÔ∏è‚Äç‚ôÇÔ∏è #shorts #short,_kIghusyN5E,Talk Rice To Me Clips,2025-01-21T17:00:40Z,https://www.youtube.com/watch?v=_kIghusyN5E,CHECK US OUT ON OTHER PLATFORMS: https://linktr.ee/talkricetome LISTEN TO US ON: SPOTIFY: ...,35,5514,49,5
The secret ingredient to Newfoundland influencer Mrs. Brown's TikTok fame,RVt0Ubd8Ces,CTV News,2025-02-06T23:52:51Z,https://www.youtube.com/watch?v=RVt0Ubd8Ces,A Newfoundland influencer is cooking up fame on TikTok where her videos are going viral. Garrett Barry has the story of St. John's ...,137,5620,103,11
The creamiest HUMMUS - with one SECRET ingredient! #hummus #food #cooking #dinner,exxVYSbguOo,Marina Troutko,2025-02-13T16:25:59Z,https://www.youtube.com/watch?v=exxVYSbguOo,Save this Creamy HUMMUS - with one Secret Trick! Follow @marina_getfit for more! Let's make the smoothest homemade ...,38,5512,151,3
"Guacamole's Secret Ingredient Revealed! #shortvideo, #avocado, #mexico, #food",rBL3hZS0lxA,AKHDAN ANNAFI YF,2025-03-16T14:11:19Z,https://www.youtube.com/watch?v=rBL3hZS0lxA,,23,5368,36,2
Without Ice-cream strawberry milkshake recipe 1 secret ingredients add kro. #ytshorts #milkshake,IPjPsJXa3lQ,Omg Chef's kitchenüßø,2025-01-30T12:30:16Z,https://www.youtube.com/watch?v=IPjPsJXa3lQ,Without Ice-cream strawberry milkshake recipe 1 secret ingredients add kro. #ytshorts #milkshake#strawberrymilkshakerecipe ...,61,5361,0,0
SECRET INGREDIENT FOR INSTANT DETAN! #shorts #detanning #feetcare #diyskincare #homeremedies,9TIOvVTFD9Y,Glamrs,2025-03-04T12:30:07Z,https://www.youtube.com/watch?v=9TIOvVTFD9Y,,19,6040,190,1
Pehli rasoi -the first test where love is the secret ingredient ‚ù§Ô∏è,mtN-Y7TfvdI,Priyanka Panjwani Tolani,2025-03-26T10:40:26Z,https://www.youtube.com/watch?v=mtN-Y7TfvdI,,57,11327,278,4
üå∏‚ú®VIRAL GLASS SKIN SECRET INGREDIENTS FACTS‚ú®üçåDiy of acne/pimples treatment#youtubeshorts #diy,7V197JtZE3Y,Beauty with Brain,2025-02-12T10:46:39Z,https://www.youtube.com/watch?v=7V197JtZE3Y,,55,5084,78,0
It‚Äôs the secret ingredient at the end that makes all the difference ü§´üí™üèΩ Ingredients: ‚Ä¢ 1 bunch,ofmla_jh0EE,Tiv,2025-02-07T17:04:51Z,https://www.youtube.com/watch?v=ofmla_jh0EE,It's the secret ingredient at the end that makes all the difference Ingredients: ‚Ä¢ 1 bunch rapini (or mustard greens) ‚Ä¢ 1 bunch ...,53,5080,231,1
The Great Wall‚Äôs Secret Ingredient: Sticky Rice! #shorts #wallofchina  #facts #history,bEJ9yt7R-xk,The Globe,2025-03-11T19:13:27Z,https://www.youtube.com/watch?v=bEJ9yt7R-xk,The Great Wall's Secret Ingredient: Sticky Rice! Did you know the Great Wall of China is held together by sticky rice? Builders ...,24,4912,13,2
This Chocolate Cake Has a Hidden Surprise! üç´üéâ (Must-See!),MmXCxH7aHw4,ayhan cake,2025-02-11T17:30:02Z,https://www.youtube.com/watch?v=MmXCxH7aHw4,Of course! Halloween cake making can be a fun and creative activity. Here's a simple recipe and some ideas to get you started: ...,24,4658,79,4
Her secret ingredient is ‚ú®‚ò†Ô∏èHATRED ‚ò†Ô∏è‚ú® #comedy #pov #comedian #gay,QZ22OnsZt5k,Jasmine,2025-03-04T12:55:36Z,https://www.youtube.com/watch?v=QZ22OnsZt5k,,49,4792,140,0
The Hidden Ingredients Barbara O'Neill Looks For In Every Meal #Shorts #BarbaraOneill,8jY2AG1LJas,Barbara O‚ÄôNeill,2025-03-31T19:45:00Z,https://www.youtube.com/watch?v=8jY2AG1LJas,"Curious about the role of fiber, protein, and fats in your diet? Barbara O'Neill explores the surprising nutritional benefits of ...",51,8963,314,4
My Cat is the SECRET Ingredient to a PERFECT Kitchen!,_JMNZXpO4UE,FutureCraft AI,2025-01-09T18:25:36Z,https://www.youtube.com/watch?v=_JMNZXpO4UE,My Cat is the SECRET Ingredient to a PERFECT Kitchen!,16,4343,151,0
It's Time to Reveal the Secret Ingredient in our Cookies #baking #easyrecipe,chWm5K59L0A,Four Kids Cooking,2025-03-24T21:11:00Z,https://www.youtube.com/watch?v=chWm5K59L0A,"These peanut butter cookies are fantastically good, but they have an unexpected ingredient. Nobody guessed it when Henry took ...",15,4451,79,7
The Secret Ingredient That Makes Cookies Taste 10x Better,NzAcoKnugKg,Our Gabled Home,2025-02-09T14:00:32Z,https://www.youtube.com/watch?v=NzAcoKnugKg,Take your classic chocolate chip cookies to the next level by adding sourdough. Here's the recipe: ...,34,4470,264,8
The Secret Ingredient in McDonald‚Äôs Fries,7QuVBrmBijc,CMRV,2025-03-12T00:00:10Z,https://www.youtube.com/watch?v=7QuVBrmBijc,,,,,
My deviled eggs secret ingredient!,lpIaOpgnVac,What Shannon Tried,2025-01-21T14:16:04Z,https://www.youtube.com/watch?v=lpIaOpgnVac,"My deviled eggs secret ingredient! Ranch! So many people are surprised when they hear that, so figured I'd share with you all.",58,4020,302,13
Fixing a crack with a secret ingredient #pottery #ceramic #clay #keramik #claycracking,REuEZfV0LXc,LOVE N‚Äô HOME,2025-03-17T20:33:25Z,https://www.youtube.com/watch?v=REuEZfV0LXc,,33,4001,67,4
‚òïÔ∏è The SECRET to PERFECT Homemade Clay! (Coffee Edition!) ‚òïÔ∏è,LmTRttVpv9Y,Our Upcycled Life,2025-01-17T19:49:12Z,https://www.youtube.com/watch?v=LmTRttVpv9Y,Trying Out The Coffee Clay Diy! Does It Really Work? https://youtu.be/TrN_NBOZYaU You WON'T believe what makes this clay so ...,31,4187,116,8
The SECRET Ingredient for CRISPY Batter #shorts #cooking #food,7ylswaClRY0,conwaycooks4u,2025-02-13T17:11:50Z,https://www.youtube.com/watch?v=7ylswaClRY0,"Ingredients Fish Batter - Flour, 2-3 cups - Baking powder, 1-2 tablespoons - Beer, don't forget to have a drink of it yourself before ...",32,3847,95,10
Secret Juicy Bossam Kimchi Recipe,KCwtM00q-dM,Î∏îÎ°†ÎìúÍπÄÏπò Blonde Kimchi,2025-02-07T10:45:56Z,https://www.youtube.com/watch?v=KCwtM00q-dM,"SHARE My Secret Bossam Kimchi Recipe! ·Ñá·Ö©·Ñä·Ö°·Ü∑ ·ÑÄ·Öµ·Ü∑·Ñé·Öµ This is the easiest bossam recipe, yet it's incredibly tender and juicy!",45,4196,209,2
Bubble tea secret ingredient üò± #bubbletea #secret #ingredients #fyp #funny #entertainment,YOvQPsPEw2Y,Jeremy Batulan,2025-03-02T18:00:32Z,https://www.youtube.com/watch?v=YOvQPsPEw2Y,,12,3872,102,2
"""The Secret Ingredient: A Heartwarming Story About Grandma's Love""#shorts #motivation #lifelessons",3q2KGHpXT1M,Sagheer Facts Story,2025-01-13T13:01:10Z,https://www.youtube.com/watch?v=3q2KGHpXT1M,"""The Secret Ingredient: A Heartwarming Story About Grandma's Love""#shorts #motivation #lifelessons Description:""This touching ...",,,,
üçù Made with Love: A Chef Cat‚Äôs Secret Ingredient üíïüêæ #cartoon #cat #kitten #cooking #cutecat,87RUkNchfOg,StrangeCatk,2025-03-12T16:15:41Z,https://www.youtube.com/watch?v=87RUkNchfOg,,49,3833,162,0
Cooking with Mom üí´because her secret ingredient is always love! #dhamsvlogs #mom #best #love #life,JVqmhQmtE2c,Dhams Vlogs,2025-01-08T13:46:48Z,https://www.youtube.com/watch?v=JVqmhQmtE2c,,60,3940,268,2
Secret Ingredients in Panskura Chop Recipe,YNaflGYs170,Boni Kitchen in village style,2025-03-27T12:15:05Z,https://www.youtube.com/watch?v=YNaflGYs170,Secret Ingredients in Panskura Chop Recipe #shorts #short #ytshort #food #indianfood #cooking #recipe #asmr chop recipe ...,33,4247,36,0
‚úÖüíØPART 2 VIRAL PINK GLOW SECRET REVEAL INGREDIENTS!!Ô∏èDiy of instant glow/ brightskin #youtubeshorts,eLeQbMDZ4s8,Beauty with Brain,2025-01-13T11:37:55Z,https://www.youtube.com/watch?v=eLeQbMDZ4s8,,49,3623,52,0
The Secret Ingredient for Brownies is NOT Attack Helicopters!,A1vzbj4RMwA,Pointless pursuits ,2025-03-12T20:47:53Z,https://www.youtube.com/watch?v=A1vzbj4RMwA,helpmemakethismakesense #pointlesspursuits #AH-64ApacheGunship #Brownies Subscribe to @Pointlesspursuits_official Join ...,11,3644,242,20
"The Secret Ingredient for Delicious Sweets |Authentic Taste Starts Here |No Preservatives, Just Pure",E8V9F51ICis,PODHINI DAIRY PRODUCTS,2025-03-29T11:47:15Z,https://www.youtube.com/watch?v=E8V9F51ICis,"Welcome to our channel! In today's video, we reveal the secret ingredient that transforms your desserts into mouthwatering ...",33,5443,51,0
Guess The Secret Ingredient üê±,3uh70be2Zjo,GigiNigi,2025-02-01T23:00:35Z,https://www.youtube.com/watch?v=3uh70be2Zjo,shorts.,38,3543,76,3
Secret Chili Ingredient!,soL1zqgrnCw,Certified Angus Beef ¬Æ,2025-02-27T14:15:11Z,https://www.youtube.com/watch?v=soL1zqgrnCw,The best-kept chili secret?   Cocoa powder. Just 1 tablespoon takes your chili from ordinary to unforgettable. Try it‚Äîthen wait for ...,30,3684,112,3
What's Hidden in Your Upvasacha Faralacha Thali? #shorts #viralshorts #ytshorts,t6mcpn7uufU,‡§ï‡•ã‡§≤‡•ç‡§π‡§æ‡§™‡•Å‡§∞ ‡§µ‡§ø‡§∑‡§Ø ‡§ú‡§ø‡§µ‡•ç‡§π‡§æ‡§≥‡§Ø‡§æ‡§ö‡§æ ,2025-02-10T11:18:36Z,https://www.youtube.com/watch?v=t6mcpn7uufU,What's Hidden in Your Upvasacha Faralacha Thali? #shorts #viralshorts #ytshorts Discover the secrets of your Upvasacha ...,18,3425,46,0
Steph de Sousa cooks veggie mac and cheese!,lvl7Fb3WHyw,Youi,2025-01-05T20:03:34Z,https://www.youtube.com/watch?v=lvl7Fb3WHyw,"This campsite classic is sure to be a hit. Cheesy, loaded with veg and quick to make on the single burner, it'll be devoured in no ...",60,720,10,2
Herbal Ingredients for Hair Growth: my hidden gems #naturalhair #haircare #hairtutorial,YxXtkvgv9so,Neki Cakes,2025-01-31T17:13:21Z,https://www.youtube.com/watch?v=YxXtkvgv9so,,9,781,73,4
Grandma's Secret Celery Seed Dressing Recipe | 10-Minute Vintage Salad Magic,I2B8M5zQWFA,Stephanie Manley,2025-02-26T21:00:16Z,https://www.youtube.com/watch?v=I2B8M5zQWFA,Discover my grandmother's legendary celery seed dressing that's been our family secret for generations! This vintage recipe takes ...,66,789,45,3
Filter Coffee |Filter coffee banane ka Tarika -secret ingredients |Usha food lab,sPNbW8eZJOQ,Usha Food Lab,2025-03-26T14:23:01Z,https://www.youtube.com/watch?v=sPNbW8eZJOQ,Filter Coffee |Filter coffee banane ka Tarika -secret ingredients |Usha Food Lab Viewers Queries:- coffee kaise banate hain how to ...,236,616,5,3
Beware of Hidden Ingredients: The Truth About Salad Dressings,Fm4RZ-1pkfo,Doctor's Nutrition,2025-02-17T23:19:08Z,https://www.youtube.com/watch?v=Fm4RZ-1pkfo,Nearly three-quarters of grocery store food is highly processed‚Äîand that includes your salad dressing! Even the expensive ones ...,57,602,14,0
Coffee & Avocado Chocolate Pots,d8L4xJPDTSI,Abel & Cole,2025-01-10T12:00:54Z,https://www.youtube.com/watch?v=d8L4xJPDTSI,"There's one ingredient that makes these smooth, rich, creamy mousses extra special. And it's not the chocolate ‚Äì although we do ...",23,651,18,0
"Super Moist Chocolate Cake with Mousse Frosting | Egg Free, Dairy Free and Fully Vegan #chocolate",PJPvYT7_b6E,Brownble,2025-03-19T17:00:33Z,https://www.youtube.com/watch?v=PJPvYT7_b6E,"This dairy free, egg free and fully vegan super moist chocolate cake is perfect for all you chocoholics, and the best part, it's so easy ...",54,651,29,0
Russell Stover EXPOSED: The Hidden Dangers Lurking in ‚ÄòFinest Ingredients‚Äô Chocolate!,ynmEVmyOQ7Q,Harry Otto,2025-01-24T20:02:06Z,https://www.youtube.com/watch?v=ynmEVmyOQ7Q,"Are you being deceived by fancy packaging and false claims? In this eye-opening video, we compare Russell Stover Assorted ...",57,683,22,2
Not So Hidden Ingredients In Your Drinks #fitness #health #energydrink #gym #supplements #preworkout,E6cnOFhyvZA,AlexHasRisen,2025-03-02T04:00:12Z,https://www.youtube.com/watch?v=E6cnOFhyvZA,"Here I explain the truth of the matter. My life without energy drinks is by far worse, but why? Join me in trying to find out how!",19,562,4,0
Hidden Ingredients In Your Protein Powder!,jw-nPFu_09k,Max Ouellette,2025-02-23T23:29:41Z,https://www.youtube.com/watch?v=jw-nPFu_09k,paleo #protein #healthy #gym #shorts.,,,,
This hidden gem serves delicious&uses highly fresh ingredients#foodhuntingmalaysia #malaysianfoodie,TxsoTWTpm4c,Sherlynk,2025-01-07T02:12:27Z,https://www.youtube.com/watch?v=TxsoTWTpm4c,,15,552,9,0
My jewelry has a secret ingredient...,c5he49iZlPw,Verso Studio,2025-02-25T05:15:03Z,https://www.youtube.com/watch?v=c5he49iZlPw,,17,636,45,1
Hidden ingredients #morningbreakfast #ytshorts,XTi7TWBhfYk,priya's kitchen,2025-01-31T11:32:01Z,https://www.youtube.com/watch?v=XTi7TWBhfYk,Ingredients Wheat flour Salt Oil In a mixy jar 1green chilli Jaggery Salt Methi leaves Add Lil water and grind them. Mix this with ...,23,548,10,0
üç∫ The 2 Secret Ingredients For Perfect Beer Foam Every Time,3HcKSFFIftc,Rockstar Brewer Academy,2025-01-06T16:22:21Z,https://www.youtube.com/watch?v=3HcKSFFIftc,"Ever wonder why Guinness has that creamy, persistent head? It's all about the Maillard reaction and nitrogen! Maillard Reaction: ...",60,568,16,0
Crispy Roasted Garlic : The Secret Ingredient You Never Knew You Needed,5BTgxZz0EKs,Shipra's Kitchen,2025-03-25T12:30:06Z,https://www.youtube.com/watch?v=5BTgxZz0EKs,Learn how to make crispy roasted garlic at home with this easy recipe! Roasting garlic brings out its natural sweetness and gives it ...,26,614,0,1
Secret Ingredient,m29X9bm9zw4,Mondelƒìz International,2025-02-18T15:17:55Z,https://www.youtube.com/watch?v=m29X9bm9zw4,"Lights, Camera, Snack-tion! Prepare to have your taste buds tantalized, and your curiosity piqued! We're about to lift the ...",68,768,20,0
Surprise cake for husband | Ingredients in description | Hidden heart cake #shorts #shortsfeed #cake,6WP4DeJDkrM,Bobby‚Äôs kitchen cooking & baking,2025-02-22T13:45:39Z,https://www.youtube.com/watch?v=6WP4DeJDkrM,Surprise cake for husband | Ingredients in description | Hidden heart cake #shorts #shortsfeed #cake Dry ingredients (For 8 inch ...,60,543,16,0
The Hidden Power Couple: Why Your Salad Needs These Two Ingredients!  #healthyaging #food,1E1GYSuL_wU,Happy40+,2025-01-08T23:00:01Z,https://www.youtube.com/watch?v=1E1GYSuL_wU,Most people don't realize that eating leafy greens alone means missing out on crucial nutrients.,47,534,16,0
Guess this Secret ingredient? #garden #vegetables #gardening #plants #ingredients #indianfood,e9cuzwF8ajI,renu dalal,2025-02-19T07:03:53Z,https://www.youtube.com/watch?v=e9cuzwF8ajI,Which ingredient is this ? Guess the mystery ingredient üå∂Ô∏è‚ú® what can you make with this ? . . . #renudalal #recipe ...,13,585,5,0
Hidden sugar in food #sugarfree #healthtips #hiddeningredients #eatbetter #healthychoices,moX3MQLoCrE,Emily Floren,2025-02-20T08:00:44Z,https://www.youtube.com/watch?v=moX3MQLoCrE,,36,540,7,1
üö® The WORST to BEST Sodas‚ÄîRanked! ü•§#SodaRanking #FoodFacts #HiddenIngredients #HealthySwaps,LeQDRiMWiss,Insiders Health AI,2025-03-31T16:26:54Z,https://www.youtube.com/watch?v=LeQDRiMWiss,,164,963,10,3
ü•® Auntie Anne‚Äôs: Tasty or Toxic?#HiddenIngredients #ToxicFoods #FoodLabelReading #NutritionTips,DQMlrn0oNCE,Insiders Health AI,2025-02-13T19:20:41Z,https://www.youtube.com/watch?v=DQMlrn0oNCE,,112,521,13,1
"""Transform Your Hands: Uncover 2 Hidden Ingredients for Ultimate Softness! üí•ü§Ø""",v85XW_e2oKM,Sevgi fashion baby,2025-03-15T22:48:14Z,https://www.youtube.com/watch?v=v85XW_e2oKM,"""Experience a whole new level of hand care! In this video, we reveal two secret ingredients that will leave your hands softer and ...",17,521,18,0
Reeces hearts BUT healthy without disgusting hidden ingredients üíó,bfb_5SQ4jls,Thermaland Oaks,2025-02-12T20:45:22Z,https://www.youtube.com/watch?v=bfb_5SQ4jls,https://urlgeni.us/amzn/vdaycups copy & paste this link for the absolute best & healthy way to make Reeces! I also linked these ...,46,498,13,2
"""Is Shampoo Safe?‚ö†Ô∏èHidden Ingredients You Must Know! Honest Review (pH 7)  #shorts #viralvideo",k6FOCagQ_ws,GlamDiariesAlmas,2025-03-02T16:19:57Z,https://www.youtube.com/watch?v=k6FOCagQ_ws,,46,503,10,0
pov: your gut is done with hidden sugars and fake ingredients,1RkhzjtGxAc,luna_natural_beauty ,2025-02-04T20:09:54Z,https://www.youtube.com/watch?v=1RkhzjtGxAc,"For the longest time, I trusted the marketing on food labels‚Äîuntil I realized how many ‚Äúhealthy‚Äù options were actually packed with ...",20,495,19,0
This Baked Oats is Made with a Secret Ingredient #shorts,Gh37flA4taM,Cooking with Anadi,2025-03-08T00:27:14Z,https://www.youtube.com/watch?v=Gh37flA4taM,,31,464,6,0
Keto Bread: The Hidden Ingredients That Sabotage Your Health.,qk4XY_VM2ks,What if you eat,2025-01-01T06:51:53Z,https://www.youtube.com/watch?v=qk4XY_VM2ks,"Keto Bread: The Hidden Ingredients That Sabotage Your Health. While keto bread is a low-carb alternative, it's important to ...",33,457,8,0
Hot Cocoa Mix: The Hidden Ingredients Revealed! #food #health,HlehGp28E6U,Fooderism,2025-01-11T06:00:10Z,https://www.youtube.com/watch?v=HlehGp28E6U,"Welcome to our channel! In this enlightening video titled ""Hot Cocoa Mix: The Hidden Ingredients Revealed!"", we take you on an ...",21,444,6,0
LOVE is the best secret ingredient to any dish! #shorts | Taste Buddies,FZamhsGhQbM,ATM (Adventure.Taste.Moments),2025-02-10T08:00:15Z,https://www.youtube.com/watch?v=FZamhsGhQbM,"Without love, a dish is not delicious! For more Taste Buddies Shorts, click below: ...",36,442,8,0
Hidden ingredients for perfect gulab jamun #shorts,EJCfFmp_3YU,Kavyaraj ,2025-03-22T10:07:18Z,https://www.youtube.com/watch?v=EJCfFmp_3YU,Hidden ingredients for perfect gulab jamun #shortvideo #shortsfeed #food #hiddeningredientsforperfectgulabjamun ...,39,438,9,1
The Hidden Ingredients in Energy Drinks,c1Hlwmj5sBk,Marsha Roopchand-Walker- Health Coach 4 Women,2025-01-06T15:00:49Z,https://www.youtube.com/watch?v=c1Hlwmj5sBk,"I'm Marsha Roopchand-Walker a wellness enthusiast, content creator, author, and a holistic health coach and I help ambitious ...",55,413,5,0
Shocking Hidden Ingredients in Popular Snacks Revealed! #nutrition,NHmG5DwtAY0,Jasmine Hu,2025-01-11T09:23:12Z,https://www.youtube.com/watch?v=NHmG5DwtAY0,,45,412,11,0
3 Hidden Ingredients in Processed Foods!,dSkkHgjLQz4,NArtifact,2025-02-01T01:00:29Z,https://www.youtube.com/watch?v=dSkkHgjLQz4,viral #trending #shorts #youtubevideo #youtubeshorts #foryou #explorepage #contentcreator #subscribe #youtubecreator ...,39,411,20,0
"""The Secret Behind Coca-Cola: History, Facts & Hidden Ingredients!""",2-Bkn-VFmCo,Edit Hub,2025-03-21T15:55:00Z,https://www.youtube.com/watch?v=2-Bkn-VFmCo,"""The Secret Behind Coca-Cola: History, Facts & Hidden Ingredients!""",18,411,13,0
Shocking truth behind your snacks#FoodSecrets #HiddenIngredients #snacks  #FoodFacts #ShockingTruth,uYQzSYsGOr8,Okwy.VibesTV,2025-01-14T19:42:48Z,https://www.youtube.com/watch?v=uYQzSYsGOr8,"Look closely‚Äîwhat's this tiny dried creature? Crush a handful, mix with warm water, and BOOM! The water bursts into vibrant red!",41,403,9,0
The Hidden Ingredients of Palm Oil: What You Need to Know! #palm oi l#health risks #ingredients,Rqda0JJVSCU,pinikpiai,2025-01-21T13:28:05Z,https://www.youtube.com/watch?v=Rqda0JJVSCU,The Hidden Ingredients of Palm Oil: What You Need to Know! #palm oi l#health risks #ingredients #shorts #shortvideo #short ...,43,404,5,0
Hidden Ingredients in Your Food Will SHOCK You!,5np2MRbQUzg,Shattered Wisdom,2025-02-16T15:57:36Z,https://www.youtube.com/watch?v=5np2MRbQUzg,Uncover the shocking truth about processed foods! We explore hidden and unhealthy ingredients in everyday products.,46,388,1,0
HIDDEN Dangers Lurking in Your Gym Supplements Ingredients,DtLkGd4MKXU,Daystar,2025-03-24T16:40:06Z,https://www.youtube.com/watch?v=DtLkGd4MKXU,Are your gym supplements helping or hurting? @TheDrArdisShow breaks down what to watch out for in your gym ...,163,1093,42,0
Bournvita Review: The Truth About Its Ingredients & Hidden Facts!,OnvS4pQ_kVA,FactcianBro,2025-02-20T15:40:34Z,https://www.youtube.com/watch?v=OnvS4pQ_kVA,"Is Bournvita really as healthy as it claims to be? In this video, I break down the ingredients of Bournvita and reveal the truth behind ...",60,327,6,0
Stop Eating These Hidden Ingredients || Healthy Mindset,ZzNyDyxWw3E,Healthy Mindset,2025-02-15T15:37:17Z,https://www.youtube.com/watch?v=ZzNyDyxWw3E,Did you know that some everyday foods contain hidden ingredients that can silently harm your health? From artificial additives to ...,160,248,2,0
Unlock natural skincare: choose essential oils over hidden perfume ingredients,tCnbyL5gPYw,The Tallow Beauty,2025-02-24T00:15:03Z,https://www.youtube.com/watch?v=tCnbyL5gPYw,Choose natural fragrance in skincare with essential oils #naturalskincareproductse #eczemacommunityn.,50,224,2,0
Secrets From Diddy‚Äôs Parties: Shocking Ingredients Hidden in His Menus!,kGT6SxiH-no,Fresh Take Daily,2025-01-01T11:00:53Z,https://www.youtube.com/watch?v=kGT6SxiH-no,Working as a private chef for a world-famous celebrity sounds glamorous‚Äîbut the truth can be far darker. This jaw-dropping story ...,208,235,3,0
Tacos You Didn't Know Existed! (Unique Ingredients) HIDDEN GEM #tacos,V_ah1DOb8ik,Jeff Meets World,2025-03-11T21:06:35Z,https://www.youtube.com/watch?v=V_ah1DOb8ik,Lilly's Taqueria - Casual Mexican spot serving tacos with unique ingredients like tender beef cheek and flavorful tripe!,15,205,9,0
What‚Äôs really in your soil? Uncovering hidden ingredients,Ds8whm8hgGk,Dragonfly Brook Homestead ,2025-02-05T00:09:26Z,https://www.youtube.com/watch?v=Ds8whm8hgGk,"Not all soils are created equal! Some contain biosolids, which can introduce contaminants into your garden. The EPA does not ...",58,173,5,0
Unveiling Hidden Ingredients: Are You Eating Toxins?,0V1OhPeM02g,Mind & Matter Podcast,2025-01-20T14:55:52Z,https://www.youtube.com/watch?v=0V1OhPeM02g,Dr. Momo Vuyisish describes how non-organic meats and common food additives can impact your health. We explore the ...,218,159,6,1
Bearings are the secret ingredient,B4cSKkqpuks,SKF Group,2025-01-06T09:00:23Z,https://www.youtube.com/watch?v=B4cSKkqpuks,"From cozy date nights to messy family dinners, bearings are the secret ingredient Wherever there is need for movement, we ...",11,163,3,0
Hidden ValleyTM Ranch: Classic & On-Trend Flavors,OddR-7mM3ug,Ventura Foods,2025-03-28T20:01:36Z,https://www.youtube.com/watch?v=OddR-7mM3ug,The #1 Dressing flavor in the US boasts a full portfolio of classic and on-trend flavors with Hidden ValleyTM Ranch. Learn more at ...,72,152,3,0
The Surprising SMOOTHIE Ingredients Nobody Tells You ‚Äì Unlock Hidden Health Benefits #shorts,a8uww2Ban5s,Fit4Health,2025-03-18T07:00:00Z,https://www.youtube.com/watch?v=a8uww2Ban5s,"Did you know that some powerful smoothie ingredients can boost fat burning, improve digestion, and enhance energy levels‚Äîbut ...",19,127,3,0
5 hidden ingredients for voluminous hair‚Äîstylists don‚Äôt want you to know this,EdL9SRCqODo,Liam Care,2025-01-17T02:32:55Z,https://www.youtube.com/watch?v=EdL9SRCqODo,,27,127,2,0
Eggless Red Velvet Strawberry Cake #cake #egglessredvelvetcake #desser #valentine #love,4ofMG0ujNUA,renu dalal,2025-02-13T06:26:29Z,https://www.youtube.com/watch?v=4ofMG0ujNUA,"In frame - Eggless Red Velvet Strawberries Cake Love is best celebrated with something sweet, and our special eggless red ...",57,189,5,0
üéôÔ∏è Why guests are the secret ingredient to podcast growth!,FNZoMg7u7Ho,Ausha - How to grow your podcast,2025-01-18T20:00:18Z,https://www.youtube.com/watch?v=FNZoMg7u7Ho,Why guests are the secret ingredient to podcast growth! Bringing guests onto your podcast adds value in ways that go beyond just ...,35,105,0,0
What's Really In Your KITCHEN Seed Oils? #SeedOils #HiddenIngredients,J40kBALf0NU,Health And Wellness Integerated Services (HAWIS) ,2025-02-16T23:00:15Z,https://www.youtube.com/watch?v=J40kBALf0NU,What's Really In Your KITCHEN Seed Oils? That's the question every health-conscious person should be asking. In this ...,237,96,10,1
Hidden ingredients can make or break your health #healthyorganic #foodlabels #nutritiontips,__EMOChEiW4,Dt. Alka Phutela,2025-03-24T06:34:15Z,https://www.youtube.com/watch?v=__EMOChEiW4,,71,96,0,0
[TEASER] The Hidden World of Cosmetic Ingredients | The Provi-Vlog üáµüá±,95bBFKrr-HY,Provital,2025-02-14T08:58:27Z,https://www.youtube.com/watch?v=95bBFKrr-HY,Straight from Poland ‚ö° Welcome to Our Provi-Vlog TOUR! Step into the heart of the beauty world with Provital Polska. From the ...,82,98,3,0
What about the hidden ingredients?#Celsius #hiddeningredients #FoodFacts #LabelReading #HealthySwaps,td548Pmh4r8,Insiders Health AI,2025-01-27T21:50:27Z,https://www.youtube.com/watch?v=td548Pmh4r8,,88,87,5,0
5 Hidden Ingredients That Boost Weight Loss#healthyfood,W2kl4Edmffw,Happylifewellness,2025-03-29T21:36:19Z,https://www.youtube.com/watch?v=W2kl4Edmffw,Tired of weight loss gimmicks that don't work? Discover 5 hidden ingredients lurking in your pantry (or grocery store!) that science ...,56,155,0,0
7 Healthy Foods with HIDDEN Sugars & Processed Ingredients (Sabotaging Your Weight Loss!),U4r4Auj02eo,Global Natural Cures,2025-03-02T13:45:25Z,https://www.youtube.com/watch?v=U4r4Auj02eo,"Are you eating ""healthy"" foods that are secretly sabotaging your diet? Many commonly perceived healthy foods are packed with ...",220,77,4,0
Amp up your salad game with some Hidden Valley Ranch,S8XBz7RudJY,Hidden Valley Ranch,2025-03-18T20:56:03Z,https://www.youtube.com/watch?v=S8XBz7RudJY,Try the new Hidden Valley Ranch Easy Squeeze bottle today!,24,374,10,0
Is Parmesan Cheese Halal? Hidden Ingredients You Should Know!,8HjsWaso4BY,Halal Talk Show,2025-02-19T20:00:06Z,https://www.youtube.com/watch?v=8HjsWaso4BY,"Is Parmesan cheese halal? Many cheeses, including Parmesan, are made using animal rennet, which raises concerns about their ...",83,147,1,0
üö® High BP? Avoid These 3 Hidden Ingredients NOW! ü©∫‚ùå#HighBP #HeartHealth#BPControl #wellnesscoachmona,2d7RFHAgcOw,Wellnesscoach Monalisa,2025-02-21T15:28:03Z,https://www.youtube.com/watch?v=2d7RFHAgcOw,High BP? Avoid These 3 Hidden Ingredients NOW! ‚ùå Did you know some everyday foods secretly raise your blood pressure?,113,66,2,0
The 3 Hidden Ingredients That Make Wildfires UNSTOPPABLE!,SQJm_G8Ll6o,WizKidz TV,2025-01-16T14:00:27Z,https://www.youtube.com/watch?v=SQJm_G8Ll6o,"Ever wondered how wildfires ignite and spread? In this fast-paced YouTube Shorts, we break down the science behind wildfires!",36,60,0,0
Hidden Sources of Sodium,pjgoQez_4gs,Kettering Health,2025-03-06T14:00:57Z,https://www.youtube.com/watch?v=pjgoQez_4gs,,43,134,1,0
Hidden secret ingredients of winning travel startup #travel #explorermore #travelplanning #nexttrip,TCHwqQRT7bc,Triplano,2025-01-29T08:15:29Z,https://www.youtube.com/watch?v=TCHwqQRT7bc,,35,70,26,0
Hidden Allergens in Your Food  5 Sneaky Ingredients to Watch For! #shorts,DWBysVCPxJ4,J and B Inspired ,2025-02-16T12:06:41Z,https://www.youtube.com/watch?v=DWBysVCPxJ4,Think you know what's in your food? These 5 hidden allergens might surprise you! Even if a product doesn't list an allergen in ...,49,62,11,0
The Hidden Ingredients in Milk Bones!,-dmNfuGqkNE,Dog and Cat Nutrition,2025-03-24T18:00:00Z,https://www.youtube.com/watch?v=-dmNfuGqkNE,FREE RESOURCES: ‚úì 10 Pillars of Dog Health: https://thepetquarter.co.uk/products/10-pillars-of-dog-health ‚úì 3 Low Fat ...,84,105,1,0
Pantry Magic: Transform Everyday Meals with Hidden Ingredients,Mo1CPmYO7eo,Edu Fact Quest,2025-01-15T17:01:39Z,https://www.youtube.com/watch?v=Mo1CPmYO7eo,Discover the hidden gems in your pantry and unleash their culinary potential! Transform simple meals into extraordinary ...,,,,
Onam Recipes: Recipe 5- Aviyal #veg #smartchefindia #onam,HLV4tAI1-wo,PrestigeSocial,2025-03-10T10:28:07Z,https://www.youtube.com/watch?v=HLV4tAI1-wo,This recipe is made by Saranya (https://www.instagram.com/_.the_secret_ingredient._) I N G R E D I E N T S: ‚Ä¢Vegetables of your ...,46,77,4,0
Unveiling Hidden Ingredients in Your Groceries!  üö´ üçî #nutritioncoach #womenshealth,UavulatVgyI,Jasmine Hu,2025-01-17T20:54:03Z,https://www.youtube.com/watch?v=UavulatVgyI,,43,52,0,0
"The subtle, nutty flavour of basmati is the secret ingredient that makes every dish unforgettable.",hyr7fNf1g2o,India Brand Equity Foundation,2025-03-12T08:00:31Z,https://www.youtube.com/watch?v=hyr7fNf1g2o,"The subtle, nutty flavour of basmati is the secret ingredient that makes every dish unforgettable. #BasmatiRice #PrideOfIndia ...",21,72,1,0
Beware of hidden dangers in vitamins. Read labels to avoid harmful ingredients for you and your kids,uz9e1nOu3R4,ElevateYourTemple,2025-01-12T07:35:09Z,https://www.youtube.com/watch?v=uz9e1nOu3R4,Read the labels carefully and pick out vitamins with good clean ingredients.,19,64,0,0
Hidden Ingredients in Canned Foods You Need to know | Are CANNED FOODS Healthy?,MN4igXEcJCg,The Food Prestige,2025-01-04T22:00:10Z,https://www.youtube.com/watch?v=MN4igXEcJCg,Hidden Ingredients in Canned Foods You Need to know | Are CANNED FOODS Healthy? Hidden Ingredients in Canned Foods ...,49,53,0,0
Your Diet Is Failing Because Of These Hidden Ingredients.  #weightloss #loseweight #weighlosstips,mgaBhVEkYYQ,WeightlossChris,2025-01-06T21:45:01Z,https://www.youtube.com/watch?v=mgaBhVEkYYQ,FREE TRAINING GUIDE FOR BUSY MOMS https://linktr.ee/WeightlossChris Are hidden ingredients ruining your diet? Join us as ...,20,37,2,0
One Hidden Ingredient Destroying Your Metabolism #MetabolismDestroyer #HiddenIngredients,C75S6flOPUU,Active Life Revolution,2025-02-28T19:00:08Z,https://www.youtube.com/watch?v=C75S6flOPUU,Join us for One Hidden Ingredient Destroying Your Metabolism and uncover the surprising culprit slowing down your body's ability ...,49,39,4,0
"Secret ingredient? 100% yellow pea pasta, of course! The best pasta dishes need the very best pasta!",18hx5I4dNK4,ZENB,2025-01-10T23:05:21Z,https://www.youtube.com/watch?v=18hx5I4dNK4,Find Your New Favorite Pasta At https://zenb.com ! ================== Check Us Out On Socials! Instagram: ...,24,54,3,0
DISCOVER the Hidden INGREDIENTS for a HEALTHIER You! #shorts #foryou #fyp #pursuinghealth,uGe9TzNwpkM,Bite Sized Health,2025-02-06T18:15:05Z,https://www.youtube.com/watch?v=uGe9TzNwpkM,"Discover the incredible health benefits of cloves, turnips, and macadamia nuts this season! From boosting your immune system to ...",45,33,7,0
Goli Gummies Exposed: Hidden Ingredients & Sugar Bombs You Need to Know!,kJH7DjUnsvA,RES,2025-02-10T22:00:41Z,https://www.youtube.com/watch?v=kJH7DjUnsvA,"Think Goli Gummies are healthy? Think again. Hidden sugars, mystery ingredients, and you have to take them FOUR times a ...",16,36,1,0
Processed Foods: Hidden Ingredients EXPOSED!,S7YngDeyCQY,"Dr. CeCe Brooks, DNP",2025-01-03T16:15:26Z,https://www.youtube.com/watch?v=S7YngDeyCQY,Learn to decipher processed food labels like a pro! This video reveals hidden ingredients and guides you to make healthier food ...,58,32,2,0
Hidden sources of sugar you don‚Äôt even think about #sugarfree #hiddeningredients #healthtips #health,3G8QotX8ddM,Jack Taylor,2025-02-28T17:08:42Z,https://www.youtube.com/watch?v=3G8QotX8ddM,,49,30,0,0
5 Hidden Ingredients in Fried Chicken,EHMVWDuC1U4,Chick.Bay7,2025-03-17T20:39:04Z,https://www.youtube.com/watch?v=EHMVWDuC1U4,A person loves chicken is making a video about things he is curious about about chicken.,61,27,1,0
Hidden truths in obtaining new farmland for organic ingredients,BYmowzCxMRs,Translating the Label,2025-01-16T08:00:12Z,https://www.youtube.com/watch?v=BYmowzCxMRs,Just because something is #organic does not mean it is #sustainablebeauty.,36,25,1,0
The SHOCKING Ingredients Hidden in Your Girl Scout Cookies  #health #wellness #diet,ncE3opy4SvE,Eat Clean Today,2025-03-07T18:58:55Z,https://www.youtube.com/watch?v=ncE3opy4SvE,"What's really in those beloved Girl Scout cookies? In this video, I break down the concerning ingredients hiding in these popular ...",50,31,4,0
#Maltodextrin #HiddenIngredients #FoodLabels #HealthAwareness #SupplementFacts #DietProducts,-0VIWHJEq1U,Health Bliss 2022,2025-02-08T16:26:38Z,https://www.youtube.com/watch?v=-0VIWHJEq1U,,31,28,1,1
Hidden Ingredients in Popular Foods! ‚ö†Ô∏è,9xpkJVuD_V4,Shore Holistic Nutrition and Wellness,2025-03-21T14:50:50Z,https://www.youtube.com/watch?v=9xpkJVuD_V4,Don't just trust the label! Know what's REALLY inside. Share with a friend! #NutritionTips #Organic #NonGMO #IngredientsMatter ...,34,21,4,0
foods that looked healthy but have hidden ingredients...,jAMDKJYc43A,fuel_flow,2025-03-17T14:39:34Z,https://www.youtube.com/watch?v=jAMDKJYc43A,Ingredients: - 1 liter milk (cow's or plant-based) - 2 tbsp plain yogurt with live cultures (or yogurt starter) Instructions: 1. Heat milk to ...,19,18,0,0
Why Reading Nutritional Labels Is Important | Hidden Ingredients & Healthy Choices. #lifeSchoolbyDV,POhzStpQerI,Dinesh Vangapandu ,2025-03-29T16:29:47Z,https://www.youtube.com/watch?v=POhzStpQerI,https://sites.google.com/view/life-school-by-dv/home Do you check the nutritional label before buying packaged food? Hidden ...,180,16,0,0
Onam Recipes: Recipe 2- Kurukku Kalan #veg #smartchefindia #onam,E9kSaJGjHxE,PrestigeSocial,2025-03-10T10:22:18Z,https://www.youtube.com/watch?v=E9kSaJGjHxE,This recipe is made by Saranya (https://www.instagram.com/_.the_secret_ingredient._) I N G R E D I E N T S : * Raw plantain ...,57,40,1,0
Taco Tuesday Hidden Food Label Ingredients!,Rc9KWwnXAJ8,TashxTalks,2025-01-28T18:00:22Z,https://www.youtube.com/watch?v=Rc9KWwnXAJ8,READ FOOD LABELS! The potential risks or controversies surrounding GMOs include the following: 1. Health Concerns Allergic ...,91,18,1,1
"83% of tattoo inks contain hidden ingredients linked to cancer, organ damage, study reveals",a7bCF0m-EyM,Ian Brottman,2025-02-21T07:38:20Z,https://www.youtube.com/watch?v=a7bCF0m-EyM,,5,26,1,0
#Sucralose #ArtificialSweeteners #HiddenIngredients #FoodLabelDecode #KnowWhatYouEat #SugarFree,p-tuscC0Jhc,Dr Swati Chandel,2025-03-28T19:04:18Z,https://www.youtube.com/watch?v=p-tuscC0Jhc,,9,45,1,0
Pet Shampoo - Hidden Toxic Ingredients Part #1 #dog #cat  #skincare #news #dogcare #veterinary,a6OMU7Y417E,The Vet Pharmacist ,2025-03-19T15:55:11Z,https://www.youtube.com/watch?v=a6OMU7Y417E,What's in your #pet #shampoo ? Many pet shampoos contain questionable ingredients‚Äîbut how do you know what to avoid?,26,32,1,0
The Hidden Dangers in Your Food! Lab-Made Ingredients & Toxic Oils Exposed,--QLtvnDyxs,Randy Rolfe,2025-02-17T17:02:38Z,https://www.youtube.com/watch?v=--QLtvnDyxs,"Did you know that many packaged foods contain dozens of hidden sugars, harmful seed oils, and lab-created chemicals that your ...",27,13,1,0
Hidden Ingredients in Everyday Food? | Jain Way of Life Webinar | 15th Feb 2025,9KZzF_EKL5U,Young Jains,2025-03-01T17:07:28Z,https://www.youtube.com/watch?v=9KZzF_EKL5U,"Are You Really Eating Pure Vegetarian Food? In the 15th February 2025 Jain Way of Life Webinar, Jainam & Jivika share an ...",40,21,3,0
Hidden Ingredients You Should Know About!  #shorts,Bnd_JpIC8sE,HOLISTIC VYBEZ,2025-03-31T18:06:11Z,https://www.youtube.com/watch?v=Bnd_JpIC8sE,Hidden Ingredients You Should Know About! üçΩÔ∏è Monoglycerides & diglycerides are fats found in SO many processed foods...,73,25,2,0
The Truth About Your Favorite Snacks: 6 Hidden Ingredients to Watch Out For,aUqR04aWxA0,The Home Chefs,2025-01-08T19:08:17Z,https://www.youtube.com/watch?v=aUqR04aWxA0,"Are your favorite snacks hiding a dark secret? From chips to cookies, many popular snacks are loaded with hidden ingredients ...",153,11,0,1
5 Hidden Ingredients to Take Your Smoothie Game to NEXT LEVEL,MP-vpNX0WtY,The Queen Of Smoothies,2025-01-20T14:30:32Z,https://www.youtube.com/watch?v=MP-vpNX0WtY,5 Hidden Ingredients to Take Your Smoothie Game to NEXT LEVEL Want to take your smoothies to the next level? Discover how ...,27,10,1,0
The Truth About Vitamin D3 That Every Vegan Should Know! #vegansupplements #hiddeningredients,R07bmLO3vio,Stay Tapped In,2025-01-23T03:33:59Z,https://www.youtube.com/watch?v=R07bmLO3vio,,50,12,2,0
He revealed 3 Hidden Ingredients to fix bad breath and body odors,-REJtX8DmEU,WellnessnestUK,2025-03-27T14:09:35Z,https://www.youtube.com/watch?v=-REJtX8DmEU,,76,13,1,0
ACNE CAUSING SKINCARE: The hidden ingredients you need to avoid!,HX1putEeOwY,I'm your bestfriend,2025-02-19T16:00:20Z,https://www.youtube.com/watch?v=HX1putEeOwY,"""Get ready to revolutionize your skincare routine! Are you using skincare products that are secretly causing your acne?",151,6,1,2
How to decipher labels and find hidden ingredients in food,4ASmK_eCY9c,KetoTrust,2025-01-04T21:12:01Z,https://www.youtube.com/watch?v=4ASmK_eCY9c,"Join Our Free KetoTrust Community: https://ketotrust.mn.co/about Knowledge, Community, Success: Your Path To A Low-Carb ...",81,5,1,0
"If you know, you know... #Seedoils #chemtrails #wakeupamericaüá∫üá∏ #hiddeningredients #nomoretoxins",2-3MvXVXQZw,Lynn Eldridge,2025-03-22T17:53:25Z,https://www.youtube.com/watch?v=2-3MvXVXQZw,,6,7,2,0
Food Label Lies: The Hidden Ingredients Destroying Your Health,wKx_OnVA4e4,Wellness and nutrition nexus,2025-02-12T13:50:36Z,https://www.youtube.com/watch?v=wKx_OnVA4e4,"FOOD LABEL LIES EXPOSED! You think you're eating healthy? Think again! Many ""healthy"" foods are packed with hidden ...",19,3,1,0
""" The Dark Side of ‚ÄúHealthy‚Äù Foods: Hidden Ingredients to Watch Out For """,nK7Na0jMGL8,NBA ROCKS,2025-02-05T02:23:29Z,https://www.youtube.com/watch?v=nK7Na0jMGL8,""" The Dark Side of ‚ÄúHealthy‚Äù Foods: Hidden Ingredients to Watch Out For "" hidden ingredients foods to avoid processed foods to ...",107,3,1,0
Unveiling hidden dangers: the truth behind ingredients #nontoxic #simplegreen,Rdfslij7ulQ,Chrysta Davis,2025-02-15T20:00:20Z,https://www.youtube.com/watch?v=Rdfslij7ulQ,Unveiling hidden dangers in ingredients #nontoxic #simplegreen #awakening #toxinfree.,113,7,0,0
Shocking truth: 3000+ hidden ingredients in perfumes & cosmetics #fragrance,y7DKwIsGpMI,Chrysta Davis,2025-03-06T22:15:12Z,https://www.youtube.com/watch?v=y7DKwIsGpMI,Shocking truth: 3000+ hidden ingredients in fragrances & cosmetics #fragrance #toxic #nontoxic.,6,10,0,0
Hidden dangers in toothpaste: check the ingredients!#toothpaste #ingredients #health,Kh94y_4z5GA,Amirul Syauqi,2025-02-28T13:30:13Z,https://www.youtube.com/watch?v=Kh94y_4z5GA,Check toothpaste ingredients! shocking.#toothpaste #ingredients #health #fluoride #chemicals.,,,,
How Food Manufacturers Trick You with ‚ÄòZero‚Äô Labels and Hidden Ingredients.,1vl1cfwsilg,What if you eat,2025-01-17T21:30:00Z,https://www.youtube.com/watch?v=1vl1cfwsilg,How Food Manufacturers Trick You with 'Zero' Labels and Hidden Ingredients Don't be fooled by 'zero sugar' or 'zero fat' labels.,39,12,1,0
3 Hidden Ingredients That Sabotage Your Fat Loss ‚Äì Must-Avoid for Faster Results!,KWZHf2sCrZ4,Slim Down Path,2025-03-17T16:50:49Z,https://www.youtube.com/watch?v=KWZHf2sCrZ4,,21,2,0,0
What‚Äôs Really in Your Pet‚Äôs Food? The Hidden Ingredients!,H3cLFKRUzLI,W4CY Radio TV Channel,2025-03-17T18:45:15Z,https://www.youtube.com/watch?v=H3cLFKRUzLI,,34,2,0,0
The Hidden Ingredients: Crafting a Meaningful Life with Soap,I6suesDIP0M,moon song,2025-03-28T12:30:15Z,https://www.youtube.com/watch?v=I6suesDIP0M,"What are the ingredients for handmade soap? To get started, you'll need the two foundations of soap making - an oil or fat, and an ...",182,1,0,0
Hidden Ingredients in Your Spaghetti,XyWwLMbOTnY,Triva-5,2025-01-22T05:07:43Z,https://www.youtube.com/watch?v=XyWwLMbOTnY,Discover the surprising truth about what's hiding in your spaghetti! #FoodFacts #Spaghetti #movietrivia Source: ...,,,,
üö® High BP? Avoid These 3 Hidden Ingredients NOW! ü©∫‚ùå#HighBP #HeartHealth #BPControl #healthywithmona,yNmAi92y3Fo,Healthy With Mona,2025-02-21T15:34:24Z,https://www.youtube.com/watch?v=yNmAi92y3Fo,High BP? Avoid These 3 Hidden Ingredients NOW! ‚ùå Did you know some everyday foods secretly raise your blood pressure?,113,1,0,0
Scan Your Food: Uncover Hidden Inflammatory Ingredients Instantly!,6gD0nxvGAj4,tionetmoy,2025-03-11T22:05:35Z,https://www.youtube.com/watch?v=6gD0nxvGAj4,Shorts Content ID Key for Music: gR-N6Rzmox6LPw.,48,2,0,0
How Can I Identify Hidden Ingredients or Allergens on Food Labels? | Your Nutrition Network,LD6in4IyQwk,Your Nutrition Network,2025-02-15T16:35:49Z,https://www.youtube.com/watch?v=LD6in4IyQwk,"How Can I Identify Hidden Ingredients or Allergens on Food Labels? In this essential video, we will guide you through the process ...",227,1,0,0
The Hidden Ingredients in Your Favorite Snacks! #FoodTruths #Nutrition #Awareness,ZPULc73iy4o,Psychology of Success,2025-01-03T16:57:20Z,https://www.youtube.com/watch?v=ZPULc73iy4o,,,,,
Hidden toxic ingredients in medications #anxiety #mentalhealth #toxic,F9vAJ8EDitg,FarmToFolk,2025-03-03T16:30:03Z,https://www.youtube.com/watch?v=F9vAJ8EDitg,Hidden toxic ingredients in medications #anxiety #mentalhealth #toxic #holistic #fok.,169,1,0,0
What‚Äôs Really in Your Pet‚Äôs Food? The Hidden Ingredients!,0HldDpa-58s,W4WN Radio TV Channel,2025-03-17T18:45:14Z,https://www.youtube.com/watch?v=0HldDpa-58s,,34,0,0,0
What‚Äôs Really in Your Pet‚Äôs Food? The Hidden Ingredients!,mhvZqIOSLKs,W4HC Radio TV Channel,2025-03-17T18:45:13Z,https://www.youtube.com/watch?v=mhvZqIOSLKs,,34,0,0,0
You Won't Believe the Hidden Ingredients in Baby Food!,ToOD6Nbx4Fw,TrueHealthy Path,2025-01-20T11:47:26Z,https://www.youtube.com/watch?v=ToOD6Nbx4Fw,"Watch this adorable baby enjoy their food in this cute and heartwarming YouTube short! From curious bites to messy moments, ...",60,0,0,0
What‚Äôs Really in Your Pet‚Äôs Food? The Hidden Ingredients!,fEEWVHidvsQ,W4CS Radio TV Channel,2025-03-17T18:45:14Z,https://www.youtube.com/watch?v=fEEWVHidvsQ,,34,0,0,0
What‚Äôs Really in Your Pet‚Äôs Food? The Hidden Ingredients!,4Vvdm0W6W8g,K4HD Radio TV Channel,2025-03-17T18:45:10Z,https://www.youtube.com/watch?v=4Vvdm0W6W8g,,34,0,0,0
What‚Äôs Really in Your Pet‚Äôs Food? The Hidden Ingredients!,EIzJkOloj8w,Pipeman Radio & TV,2025-03-17T18:45:14Z,https://www.youtube.com/watch?v=EIzJkOloj8w,,34,0,0,0
What‚Äôs Really in Your Pet‚Äôs Food? The Hidden Ingredients!,n7gdU_YjidA,Talk 4 TV,2025-03-17T18:45:20Z,https://www.youtube.com/watch?v=n7gdU_YjidA,,34,0,0,0
These Hidden Ingredients Are Destroying Your Health! #holistichealing #holistichelp #mentalhealth,Q-AiC4iv0MU,Healing with Excellence,2025-02-27T21:07:15Z,https://www.youtube.com/watch?v=Q-AiC4iv0MU,"If it says 'added to food,' it's NOT food. So why are we eating it? Here's What You Need to Know: ‚úì Processed foods are filled ...",23,3,0,0
