Title,Video ID,Channel,Published At,URL,Description,Video Length
the CUTEST SKINCARE ROUTINEğŸ¥° #beauty #funny #cosmetics #unboxing #skincare #routinevlog,dym5tL4J2vY,Candy Superstar,2025-02-22T13:34:58Z,https://www.youtube.com/watch?v=dym5tL4J2vY,,
Boyfriend skincare ğŸ«§ ğŸ§¼ What sequence ğŸ’œ is next? #skincare #skincareroutine #skincareASMR #ASMR,2pM9-JUjJqA,Milyutka,2025-02-22T16:54:32Z,https://www.youtube.com/watch?v=2pM9-JUjJqA,,
Oil pulling with double cleansing #anua #chxrryglowy  #oilpulling #skincareroutine #cleanser,Ii5EVASD4A0,Chxrryglowy,2025-02-05T13:30:09Z,https://www.youtube.com/watch?v=Ii5EVASD4A0,,
Hairstyle ğŸ’‡â€â™€ï¸ #skincare #diyskincarerecipes #beautymakeup #skincareroutine #guasharoutine #ugc,PS5wOda-ZPU,iadore_glow,2025-01-27T06:53:57Z,https://www.youtube.com/watch?v=PS5wOda-ZPU,,
the CUTEST ROUTINE youâ€™ve ever seenğŸ¥° #beauty #skincare #girl #funny #unboxing,oGW5e0oEFQs,Candy Superstar,2025-02-19T09:46:17Z,https://www.youtube.com/watch?v=oGW5e0oEFQs,,
My 25 step everything shower pt. 1ğŸ©·#everythingshower #selfcare #haircare #skincare #bodycare #asmr,oOoUkB0UpUk,Victoria,2025-03-09T23:14:43Z,https://www.youtube.com/watch?v=oOoUkB0UpUk,,
SUBSCRIBE for SKINCARE- Dr V #cysticacne #acne #pimples #skincareroutine,_7c6KbdjSP8,Dr. Vanita Rattan ,2025-01-30T16:47:59Z,https://www.youtube.com/watch?v=_7c6KbdjSP8,,
Skincare routine âœ¨#asmrskincare #skincare #skincareroutine #skintightening #asmrvideo,u7jNI3Cckwc,AWSM Clips,2025-01-08T07:18:16Z,https://www.youtube.com/watch?v=u7jNI3Cckwc,,
ULTIMATE Skincare Routine for  Korean Glass Skin âœ¨ #shorts #skincare #beauty,K0Fz86-PnEo,Dr. Azlan Official ,2025-01-30T06:52:26Z,https://www.youtube.com/watch?v=K0Fz86-PnEo,,
7:00 am morning routine âœ¨ï¸ #bodycare #chinese #thatgirl #grwm #skincare #morningroutine #fyp #beauty,_HnDkGZHBII,Chinese beauty care,2025-01-19T11:32:46Z,https://www.youtube.com/watch?v=_HnDkGZHBII,,
Are you Obsessed with Skincare?ğŸ«£ğŸ¤£#skincare #skincareroutine #jagritipahwa #glowingskin #makeup,RpTmHFtEc6I,Jagriti Pahwa,2025-02-07T09:15:58Z,https://www.youtube.com/watch?v=RpTmHFtEc6I,partnership #ad.,
"A man's self care routine is essentialğŸ† Coaches if you're looking to build your brand, Link In Bio",lC2quyZg2Lc,Ashton Hall,2025-01-10T19:06:27Z,https://www.youtube.com/watch?v=lC2quyZg2Lc,,
Skincare routine âœ¨#skincareroutine #beauty #shorts #collagen #makeup #asmrsounds #trending,fjp5H-Rv_HQ,AWSM Clips,2025-01-29T12:30:46Z,https://www.youtube.com/watch?v=fjp5H-Rv_HQ,Skincare routine âœ¨#skincareroutine #beauty #shorts #collagen #makeup #asmrsounds #trending.,
#stretchmarks#darkcircles#darkneck#darkspots#skincare#shorts#short#trending#ytshorts#youtubeshorts,GlG6sAKGpWQ,Radiant Clinic,2025-01-16T09:50:23Z,https://www.youtube.com/watch?v=GlG6sAKGpWQ,Kindly Note- Tretinoine cream for stretch marks and cuticans cream for dark neck must not be used by pregnant / lactating or ...,
Skincare routine âœ¨#skincareroutine #beauty #shorts #collagen #makeup #asmrsounds #trending,XoUBKmbiwSo,AWSM Clips,2025-01-18T07:58:14Z,https://www.youtube.com/watch?v=XoUBKmbiwSo,Skincare routine âœ¨#skincareroutine #beauty #shorts #collagen #makeup #asmrsounds #trending #collagenforskincare ...,
POV: you're skincare obsessed ğŸ¤ #skincareroutines #skincare #skin #skincareroutine are,lja94WM8yRc,Leanne Page,2025-01-19T17:14:32Z,https://www.youtube.com/watch?v=lja94WM8yRc,,
Dubai prince secret lover healthy tipsğŸµ || #healthylifestyle #skincareroutine,ybUJ2kVtUkk,annie,2025-02-01T12:04:53Z,https://www.youtube.com/watch?v=ybUJ2kVtUkk,Wellness Self-care Mindfulness Meditation Yoga Healthy eating Nutrition Fitness Exercise Weight loss Healthy habits Healthy ...,
To order : +91 7666550222 ! LINK IN DESCRIPTION ğŸ”— #youtubeshorts #skincare #skincareroutine,ibhU2On1IXk,THE FIZAH KHAN,2025-02-23T08:35:33Z,https://www.youtube.com/watch?v=ibhU2On1IXk,https://pasteljade.com/?utm_source=Instagram&utm_medium=Fizah&utm_campaign=Fizah&utm_content=Fizah&utm_term= ...,
Boyfriend skincare ğŸ§¼ What sequence ğŸ©· is next? #skincare #skincareroutine #skincareASMR #ASMR,ky8qdNDq5Y8,Milyutka,2025-02-07T10:34:33Z,https://www.youtube.com/watch?v=ky8qdNDq5Y8,,
Grandmas SKINCARE secrets! ğŸ¤« #skincare #skincareroutine #grwmroutine #subscribe #makeup,iSgExuawuDI,Emma Grace,2025-01-28T22:14:55Z,https://www.youtube.com/watch?v=iSgExuawuDI,,
Best serum for your skin types #ootd #menstyle #glowingskin #glowuptips #skincareroutine #shorts,Xgrhd0iExw0,Fashion xyz08,2025-01-31T14:32:04Z,https://www.youtube.com/watch?v=Xgrhd0iExw0,Best serum for your skin types #ootd #menstyle #glowingskin #glowuptips #skincareroutine #shorts Fashion #FashionTrends ...,
Their Skincare Routine Will Shock You!ğŸ˜±â¤ï¸#shorts,SI0eetPLJ5c,The Daniel Show,2025-03-08T20:28:00Z,https://www.youtube.com/watch?v=SI0eetPLJ5c,Their Skincare Routine Will Shock You!  â¤ï¸#shorts.,
3 Proofs that Korean Skincare Lives in 2050 -how to upgrade your skincare routine! #shorts,0OcQhiiwNKw,krystallee,2025-01-07T01:27:40Z,https://www.youtube.com/watch?v=0OcQhiiwNKw,3 Proofs that Korean Skincare Lives in 2050 -how to upgrade your skincare routine! Products: Heveblue black yuja bean lifting ...,
"Aloe Vera & Rice Water Face Cream Natural Glowing Skin, Homemade Aloe Vera & Rice Water Skin Cream,",_U6L77nU_ng,Firoj Khan ,2025-03-03T08:54:45Z,https://www.youtube.com/watch?v=_U6L77nU_ng,"Homemade Aloe Vera & Rice Water Skin Cream Recipe This natural cream is great for hydrating, brightening, and soothing the ...",
Skin care tips by Isha devol #skincaretips #glowingskin #pigmentation #skincareroutine #shorts,ID14v_J0sP0,Fitness bestie,2025-03-21T09:46:47Z,https://www.youtube.com/watch?v=ID14v_J0sP0,Skin care tips by Isha devol #skincaretips #glowingskin #pigmentation #skincareroutine #shorts credit goes to -Mamarazi.,
ğŸ’– Skincare ğŸ”… Routine ğŸ’¯ For ğŸ’– ASMR ğŸ”… videos ğŸ’–ğŸ”…ğŸ’¯#adi #youtube #beauty #barberlife #explore,OB0ruq3KHmk,Adi Hot Beauty,2025-03-12T13:30:14Z,https://www.youtube.com/watch?v=OB0ruq3KHmk,Skincare Routine For ASMR videos #adi #youtube #beauty #barberlife #explore Queries:: skincare routine ...,
ASMR Facial on Harper Zilmer,IYuTJzFlRJM,BOHO Med Spa,2025-01-28T18:12:16Z,https://www.youtube.com/watch?v=IYuTJzFlRJM,A sweet facial and ultimate pampering for Harper Zilmer âœ¨ #asmrspa #amsrfacial #asmrrelaxing #harperzilmer #dallasmedspa ...,
Office skincare routine gone crazyğŸ‘€skin is happier with giant skincareâœ¨,HOi_Ml7MQp8,Caper SCare,2025-01-21T12:29:14Z,https://www.youtube.com/watch?v=HOi_Ml7MQp8,,
"Goodbye, strawberry skinğŸ“âœ¨ I'm obsessed with my Giant Skincare ğŸ¤­ Get yours on Amazon! âœ¨ğŸ“",ni0tks2kynI,milkyğŸ¥›,2025-03-29T15:00:58Z,https://www.youtube.com/watch?v=ni0tks2kynI,It's the Big Spring Sale and all SKINFOOD products are at their lowest prices ever! https://amzn.to/43yK7bs DISCLAIMER: this is a ...,
Ice Bath ğŸ§ŠBeard & Skincare Routine ğŸ’†ğŸ»â€â™‚ï¸ #dayinthelife #dayinmylife #beardcare #skincare #oralet,cT3iR2TpSp0,Oga,2025-03-25T20:41:02Z,https://www.youtube.com/watch?v=cT3iR2TpSp0,Tried an ice bath â„ï¸ then enjoyed a classic Oralet before my beard care & skincare routine. The feeling after this is next ...,
Best Home remedy to control Oil & Pimples ğŸ’¯âœ…ğŸ¤© #summer #homemade #skincare #indianskin,WehzdENP-eI,SHEF,2025-03-22T13:23:20Z,https://www.youtube.com/watch?v=WehzdENP-eI,Cuties Welcome back to my channel @SHEFALIRAWAT Do subbie here @SHEFALIRAWAT & be a part of #shefam A ...,
Remove acne/ Pimples permanently at home #skincare #shortsfeed #skincareroutine #trending #shorts,9d-gTtvWEME,Salma's Food Corner,2025-01-09T14:58:16Z,https://www.youtube.com/watch?v=9d-gTtvWEME,,
Nalla irundha moonju oru padhi ipo changu ğŸ˜±ğŸ˜ Shadhik Azeez Best serum for dark spots and acne scar,9eGp12tW6Gg,Shadhik Azeez,2025-01-13T12:59:36Z,https://www.youtube.com/watch?v=9eGp12tW6Gg,Best serum for dark spots and acne scars Flipkart link in video Amazon link - https://amzn.to/3PxW9ta best serum for face best ...,
Skin care with cute animals ğŸ¸ #makeup #haul #beauty #beautytips #skincare #skincareroutine,pY7D6LRCJpc,Milyutka,2025-01-24T18:02:25Z,https://www.youtube.com/watch?v=pY7D6LRCJpc,,
"Multani Mitti Face Pack | Get Glowing Skin Naturally""  #skincare #trending #shorts",pmPdzGxK2fY,Pooja beauty skincare,2025-01-03T04:30:24Z,https://www.youtube.com/watch?v=pmPdzGxK2fY,"Multani Mitti Face Pack | Get Glowing Skin Naturally"" #skincare #trending #shorts #multanimittifacepack #glowingskin #viralshort ...",
My beard care routineğŸ¤                                 #islam #islamic #beard  #youtubeshorts,YJGQCzrV2dU,Abdul Hanan,2025-01-09T14:58:01Z,https://www.youtube.com/watch?v=YJGQCzrV2dU,,
Skincare routine #skin  #shorts,lyxRIjLL8bI,LifeAddictions,2025-01-08T13:30:30Z,https://www.youtube.com/watch?v=lyxRIjLL8bI,Video credit: https://youtube.com/@ARYDigitalasia?si=1GaJWD-2V8I399rL.,
Skin Care Routine ğŸ«  #mariakhan #shorts @sadimkhan03 @mukeem03,vkNpVzAl9kA,Maria Khan,2025-03-05T04:30:24Z,https://www.youtube.com/watch?v=vkNpVzAl9kA,team03 #sadimkhan #shortsviral #shortvideo #youtubeshorts #trending #ramadan #skincare #facewash #routines #vlog ...,
Turning my LANEIGE LIP MASK into LIPGLOSS! ğŸ˜±ğŸ’„ *DIY Skincare*,4w4Ose-gbZo,Itâ€™Sarah ğŸ’œ,2025-01-20T21:31:57Z,https://www.youtube.com/watch?v=4w4Ose-gbZo,"Turning my LANEIGE LIP MASK into LIPGLOSS! *DIY Skincare* In this skincare shorts, I turn my laneige lip sleeping mask ...",
Skin care tips by Shweta shah #glowingskin #collagen #darkspots #pigmentation #shorts #skinglow,VAlSmzkImeA,Fitness bestie,2025-02-26T05:41:02Z,https://www.youtube.com/watch?v=VAlSmzkImeA,Skin care tips by Shweta shah #glowingskin #collagen #darkspots #pigmentation #shorts #skinglow #glowingskincare ...,
ğŸ’„ğŸ”¥ Victoriaâ€™s Secret Model Beauty Secrets EXPOSED! You Wonâ€™t Believe These Hacks ğŸ‘€âœ¨#short,4tVVjoxUUKQ,velvet glow,2025-01-30T10:09:11Z,https://www.youtube.com/watch?v=4tVVjoxUUKQ,,
"Perfect moisturizer for oily skin âœ¨ reduces look of pores, shine & excess oilsğŸ’™ @PTRskin  âœ¨",31ibju_UgV4,milkyğŸ¥›,2025-03-20T15:53:29Z,https://www.youtube.com/watch?v=31ibju_UgV4,Water Drench Moisturizer âœ¨ #peterthomasroth #sephora #moisturizer #jellyskincare #jellyskin #oilyskin #oilyskincare #skincare ...,
"Do you have Dry skin or Oily skin? Anua serums, moisturizer, Dr Althea 345 cream #skincareroutine",0iQBd_csZS8,Janezvskincare,2025-02-11T06:00:02Z,https://www.youtube.com/watch?v=0iQBd_csZS8,"Do you have Dry skin or Oily skinâ“ | Sensitive skin, oily skin, combination skin, dry skin, acne-prone skin, Rosacea, Seborrheic ...",
Skincare routine for all skin types â¤ï¸,igx2RrrCNRA,Vedanshi kaushik,2025-01-22T06:22:08Z,https://www.youtube.com/watch?v=igx2RrrCNRA,,
Which pig is the best? ğŸ· #haul #beauty #beautytips #skincare #skincareroutine,GFOZS5vKnLs,Milyutka,2025-03-13T13:15:30Z,https://www.youtube.com/watch?v=GFOZS5vKnLs,,
Your Girl Complete Bodycare Routine In Just Rs. 500/- ğŸ¤‘ğŸ’• #bodycare #shorts #cleangirl #selfcare,pNsB-ag3Rp0,D BeautyBlush,2025-03-25T17:14:40Z,https://www.youtube.com/watch?v=pNsB-ag3Rp0,,
Remove facial hair and tan naturally at homeğŸ¤«#skincare #wax #hairremoval #beautytips#trendingshorts,mvtxnGUfznY,Grincy Gandhi,2025-03-16T12:34:53Z,https://www.youtube.com/watch?v=mvtxnGUfznY,,
I STOLE my Dadâ€™s SKINCARE! #subscribe #skincare #grwmroutine,MYlCrzvdU_s,Emma Grace,2025-02-05T00:51:48Z,https://www.youtube.com/watch?v=MYlCrzvdU_s,,
"MY skincare routine, I have acne/oily/sensitive skin. What type of skin do you have?#hindi #skincare",qaaIveXqQeY,Priya and Sid,2025-03-22T12:37:15Z,https://www.youtube.com/watch?v=qaaIveXqQeY,,
This Vaseline and Baking Soda Mix Will Change Your Life! #beautyhacks #skincare,kPVJjNIdmzg,Latin Kitchen,2025-03-03T19:45:02Z,https://www.youtube.com/watch?v=kPVJjNIdmzg,"Mix Vaseline with baking soda for the ultimate skin softening & exfoliating hack! âœ¨ Try this simple DIY trick for smooth, refreshed ...",
UNNOÌˆTIGE BEAUTY HACKS?,_qsgIskwygE,Jessie Bluegrey,2025-02-20T17:23:50Z,https://www.youtube.com/watch?v=_qsgIskwygE,,
Is 345 cream worth it? ğŸ¥´YesStyle code: GRACE888 to get $$ off ğŸ™‚â€â†•ï¸#skincare #kbeauty #acne,3wdtOdamJg0,Grace May,2025-01-03T16:28:46Z,https://www.youtube.com/watch?v=3wdtOdamJg0,,
Best Face Wash For Men Ph Level âœ¨,AXdG2egC5v8,Allen Choudhary,2025-02-21T08:42:04Z,https://www.youtube.com/watch?v=AXdG2egC5v8,phtest #shorts #skincare #subscribe #facewashphtest #facewash #shortsvideo #trending #facewashph #mamaearth Best Face ...,
#grwm #skincareroutine #nightroutine #selfcare #grwm #chill #relaxing #vlog #asmr #dailyvlog,A6zIWw-EC-0,Larana ,2025-01-03T11:03:32Z,https://www.youtube.com/watch?v=A6zIWw-EC-0,,
skin care tips for pigmentation by Dr Upasna vohra #pigmentation #darkspots #glowingskin #shorts,j5cS_v4m7Rk,Fitness bestie,2025-02-02T05:41:02Z,https://www.youtube.com/watch?v=j5cS_v4m7Rk,skin care tips for pigmentation by Dr Upasna vohra #pigmentation #darkspots #glowingskin #shorts #glowingskincare ...,
WASTEFUL SKINCARE ROUTINE PMO!!! #dermreacts #skincare #asmr,Y8NqPWiiLhI,DermAngelo,2025-02-14T22:14:10Z,https://www.youtube.com/watch?v=Y8NqPWiiLhI,,
ğŸ˜± tan remove agiruma?#tamil #skincareroutine #facemask #homemade,LjHm25yHld8,Prythika ,2025-01-17T08:30:14Z,https://www.youtube.com/watch?v=LjHm25yHld8,,
Overnight Skin Transformation: Skin Whitening CTM Routine,LJHR6h5AT-c,Rohit Sachdeva,2025-02-20T06:30:06Z,https://www.youtube.com/watch?v=LJHR6h5AT-c,Overnight Skin Transformation: Skin Whitening CTM Routine Free Home Delivery all over India Whatsapp     ...,
Skincare routine âœ¨#asmrskincare #skincare #skincareroutine #skintightening #asmrvideo,_KQV7noBm0w,AWSM Clips,2025-02-15T11:36:18Z,https://www.youtube.com/watch?v=_KQV7noBm0w,,
the friend that HAS to do their skincare routine with @cerave no matter what ğŸ¤£ #ceravepartner,ZVAZhpLwSqM,Peter Nguyen,2025-01-14T21:00:34Z,https://www.youtube.com/watch?v=ZVAZhpLwSqM,,
ğŸš¨ Are You Using the RIGHT Amount of Skincare Most People Get This Wrong! #short,35pFiPTHCvo,velvet glow,2025-02-03T08:00:02Z,https://www.youtube.com/watch?v=35pFiPTHCvo,,
Bodycare Routine for strawberry skin and body acne #ytshorts #shorts,PV1r7r4GfxE,Madhura Mayekar,2025-02-04T15:32:16Z,https://www.youtube.com/watch?v=PV1r7r4GfxE,,
RIDICULOUS HAND CARE ROUTINE #dermreacts #skincare,Ursg_dSYPWY,DermAngelo,2025-03-06T14:23:02Z,https://www.youtube.com/watch?v=Ursg_dSYPWY,,
Magical fairness cream to change skin colour,AQKKsItHOtI,Dr. Aanchal MD,2025-02-06T07:40:01Z,https://www.youtube.com/watch?v=AQKKsItHOtI,Internet is flooded with pictures of before and after showing remarkable change in skin colour. Here are the reasons why they and ...,
Fitkari for Skin Whitening: 5-Minute Glow Routine with Alum Powder,VEd3MIDsbnk,Rohit Sachdeva,2025-02-23T06:30:18Z,https://www.youtube.com/watch?v=VEd3MIDsbnk,Fitkari for Skin Whitening: 5-Minute Glow Routine with Alum Powder Free Home Delivery all over India Whatsapp     ...,
pando routine ğŸ¼ what animal is next? #beauty #routines #skincare #skincareroutine,ZYX4Hqm1-O8,Milyutka,2025-01-09T17:14:31Z,https://www.youtube.com/watch?v=ZYX4Hqm1-O8,,
Which frog is the best? ğŸ¸ #makeup #haul #beauty #beautytips #skincare #skincareroutine,tN7KO_Pkfck,Milyutka,2025-02-01T18:19:02Z,https://www.youtube.com/watch?v=tN7KO_Pkfck,,
hair care routineğŸ§´ğŸ«§ğŸ¤ #haircare #selfcare #cleangirl #thatgirl,Eymk7S7_qfQ,divarum,2025-02-03T13:39:54Z,https://www.youtube.com/watch?v=Eymk7S7_qfQ,,
Thank me laterğŸ¤­ğŸ’— @medicube_global_official,64g9by4Q9_I,milkyğŸ¥›,2025-03-06T16:00:09Z,https://www.youtube.com/watch?v=64g9by4Q9_I,medicube #PDRN #hairgrwothtips #hairtips #hairhack #tiktokshopnewarrivals #hairtok #koreanskincare #skincareroutine #pdrn ...,
I STOLE my momâ€™s skincare! #grwmroutine #skincare #skincareroutine #skin,No249hcMNs0,Emma Grace,2025-01-24T20:38:12Z,https://www.youtube.com/watch?v=No249hcMNs0,,
asmr skincare routine for anti-aging ğŸ«§ğŸ©· #asmr #skincare #antiaging #satisfying #relaxing #selfcare,mNY1Z5_GlBE,Victoria,2025-02-08T23:49:06Z,https://www.youtube.com/watch?v=mNY1Z5_GlBE,,
"Besan Remedies for Acne, Wrinkles & Tan Removal #besan #skincaretips #homeremedies #skincareroutine",i9fIK44F_k8,Aarogya Bites,2025-03-27T07:53:43Z,https://www.youtube.com/watch?v=i9fIK44F_k8,"Want clear, glowing, and youthful skin? Try these 100% natural besan (gram flour) face packs for different skin problems! âœ¨Besan ...",
#skincare #glowuproutine #asmr #aesthetic #skincareroutine #glowupdiaries #haircare #aestheticglowup,3xXsxqW6i58,Larana ,2025-01-29T13:33:19Z,https://www.youtube.com/watch?v=3xXsxqW6i58,,
Korean Glass skin care tips ğŸŒ¸ğŸŒ› #skincare,PHikm9GnpOc,Daizy Aizy Vlogs,2025-03-19T07:28:44Z,https://www.youtube.com/watch?v=PHikm9GnpOc,,
Hand skin care âœ‹ğŸ»ğŸ§¼ #handcare #selfcare #handcareroutine #asmr #skincare,Fy2cZMSF-jM,Milyutka,2025-03-15T09:52:24Z,https://www.youtube.com/watch?v=Fy2cZMSF-jM,,
Boyfriend skincare ğŸ§¼ What sequenceğŸ’š is next? #skincare #skincareroutine #skincareASMR #ASMR,lKEAtgYtCNM,Milyutka,2025-03-16T19:29:58Z,https://www.youtube.com/watch?v=lKEAtgYtCNM,,
My healthy morning routine â¤ï¸,8viyN66gw6g,Keerthi Shrathah,2025-03-10T14:45:04Z,https://www.youtube.com/watch?v=8viyN66gw6g,"Y'all wanna see my morning routine? After all that glow-up prep and my rituals, I go to the Garnier Bright Complete Vitamin C ...",
Watermelon skincare routine ğŸ‰ #skincare #skincareroutine #skin #skincareroutines #beauty,fLUCOLT1W4U,Leanne Page,2025-03-04T17:20:06Z,https://www.youtube.com/watch?v=fLUCOLT1W4U,,
Hand skin care âœ‹ğŸ»ğŸ«§ What sequence is next? #handcare #selfcare #handcareroutine  #asmr #skincare,07cB8RJ1imA,Milyutka,2025-02-19T18:39:57Z,https://www.youtube.com/watch?v=07cB8RJ1imA,,
Jual Skincare Keliling #makeup #makeuptutorial #skincare #bodycare #skincareroutine #shopping,Rfjb0fUGw6c,Tutorial Makeup Masa Kini,2025-03-08T21:28:37Z,https://www.youtube.com/watch?v=Rfjb0fUGw6c,,
Holi Skincare Before & After: The Truth About the Festival of Color,4qVxn0ZFv5w,Allen Choudhary,2025-03-09T07:36:50Z,https://www.youtube.com/watch?v=4qVxn0ZFv5w,holi #holiskincare #holi2023 #skincareroutine #skinprotection #HoliHairCare #glowingskin #holispecial #affiliate #nonaffiliate holi ...,
You wont believe how simple Sona's skincare routine is! #shorts #skincare,06_7pvWd3wQ,Sonakshi Sinha,2025-01-16T05:38:00Z,https://www.youtube.com/watch?v=06_7pvWd3wQ,Doing this thrice a week with any nice face oil is what keeps @sonakshisinhaofficial 's skin glowing and healthy! If you have oily or ...,
#skincare #haircare #asmr #aesthetic #vlog #dailyvlog #dayinmylife #skincareroutine #glowup,Xv_RQoBYRJg,Larana ,2025-01-15T13:50:16Z,https://www.youtube.com/watch?v=Xv_RQoBYRJg,,
Toner Generation #skincare #toner #orien #skincareroutine,GePYjqgIl7A,hyunny.bunnyyğŸ°,2025-03-19T13:15:02Z,https://www.youtube.com/watch?v=GePYjqgIl7A,,
Skincare Routine for All Skin Types from Zero #skincare #skincaretips #mbbsdoctor,j6L3K8giAsY,Dr. Rakshita Singh- Unacademy,2025-01-22T07:13:58Z,https://www.youtube.com/watch?v=j6L3K8giAsY,,
Boyfriend skincare ğŸ§¼ What sequence ğŸ©·is next? #skincare #skincareroutine #skincareASMR #ASMR,wNCwQlXFNEo,Milyutka,2025-02-27T18:15:11Z,https://www.youtube.com/watch?v=wNCwQlXFNEo,,
#skincare #glowuproutine #asmr #aesthetic #morningroutine #glowupdiaries #skincareroutine,qzgD2eTv_kI,Larana ,2025-02-04T13:33:29Z,https://www.youtube.com/watch?v=qzgD2eTv_kI,,
Skin care healthy Drink âœ… #shortsviral #skinbeautytips #glowingskinhomeremedies #skincareroutine,GN5N-_L8oYU,Apna Dawaikhana,2025-01-20T15:01:26Z,https://www.youtube.com/watch?v=GN5N-_L8oYU,My instagram Link:- https://insta.openinapp.co/l58iq Topic cover:- night skin care routine korean skin care routine morning ...,
Mango skincare routine ğŸ¥­ #skincare #skincareroutine #skin #beauty,E1XkBLMR70k,Leanne Page,2025-02-27T16:07:22Z,https://www.youtube.com/watch?v=E1XkBLMR70k,,
Glass skin morning skincare routine using @Medicube Global: #shorts #short #Loyall_Skin Care,Btzd7Ylheiw,LoyallSkinCare,2025-03-29T00:41:28Z,https://www.youtube.com/watch?v=Btzd7Ylheiw,Glass skin morning skincare routine using @Medicube Global: #shorts #short #Loyall_Skin Care.,
Her Oral Care Routine Is NOT It! ğŸ˜­ğŸ¦·,0y-WGy9U6JI,The Bentist,2025-03-18T19:46:10Z,https://www.youtube.com/watch?v=0y-WGy9U6JI,Leave a Like if you enjoyed! â€‹ Subscribe to The Bentist and join the Floss Fam! https://bit.ly/3lKUTmZ ...,
How to avoid school airğŸ° #wonyoungism #skincare #aesthetic #tips #kpop #wonyoung #schoolair,8NrNz4KCUJk,ğ’¯â„´ğ“‡ğ’¾,2025-01-22T19:53:18Z,https://www.youtube.com/watch?v=8NrNz4KCUJk,,
cotton candy lip mask#lips #laneige #asmr,aqeLJkXi_BE,By.fannys Fans,2025-01-22T21:04:52Z,https://www.youtube.com/watch?v=aqeLJkXi_BE,,
Orange skin care for men ğŸ§¡ what sequence is next? #skincare #skincareroutine #skincareASMR #ASMR,ODYWjICG4YM,Milyutka,2025-02-13T17:14:45Z,https://www.youtube.com/watch?v=ODYWjICG4YM,,
Basic Skin Care ğŸ˜ #skincareroutine #skincaretips #skincareproducts #ritikmahajan,Wc0xADilIjM,Ritik Mahajan,2025-02-05T12:17:49Z,https://www.youtube.com/watch?v=Wc0xADilIjM,,
Skincare For School Boys?ğŸ«,miRl36c_Ufo,Allen Choudhary,2025-01-12T07:42:30Z,https://www.youtube.com/watch?v=miRl36c_Ufo,Skincare For School Boys skin care routine sensitive oily acne clear affordable going boy best tips hacks bag bubble grwm girl ...,
âœ¨Rankingâœ¨ Skincare ğŸ«§ğŸ©µğŸ€,TQThnccAI8A,EllaGLife,2025-02-04T04:29:56Z,https://www.youtube.com/watch?v=TQThnccAI8A,skincare #skincareproducts #skincareroutine #preppy #ranking #filter #shorts @bubbleskincare @Glowrecipe @byomaofficial.,
"5 must have essentials to get at oliveyoung global I use code ""LILYIS10"" #shorts",xMiawCCcrCs,lilyis_,2025-03-07T17:33:00Z,https://www.youtube.com/watch?v=xMiawCCcrCs,kbeauty #koreanskincare #skincareroutine #korean #skincare #koreanstyle.,
BODYCARE ROUTINE UNDER â‚¹1000ğŸ’¸âœ¨ #shorts #ashortaday #bodycare,Z1VG0s3DQ18,Mridul Sharma,2025-01-21T16:31:39Z,https://www.youtube.com/watch?v=Z1VG0s3DQ18,,
Skincare on a Budget! #grwmroutine #skincare #skincareroutine #skin #makeup,h9e1Khx7uvs,Emma Grace,2025-01-23T01:10:33Z,https://www.youtube.com/watch?v=h9e1Khx7uvs,,
#skincare #selfcareglowup #aesthetic #glowuproutine #skincareroutine #aestheticglowup #glowupdiaries,l1tZwRMwc0M,Larana ,2025-02-21T11:35:08Z,https://www.youtube.com/watch?v=l1tZwRMwc0M,,
My FLIGHT skincare routineâœ¨âœˆï¸ #beauty #skincare #travel #kbeauty,td6rpIg_Eis,Aylen Park,2025-03-10T18:18:26Z,https://www.youtube.com/watch?v=td6rpIg_Eis,,
Transform to clear skin using Simple skincare products #tamil #tamilskincare,o-_aJfu1Ez4,LavğŸ’•,2025-03-24T11:06:08Z,https://www.youtube.com/watch?v=o-_aJfu1Ez4,skincare is essential  âœ¨ It plays a key role in maintaining healthy glow skin. Stick to products that suits your skin type for best ...,
Skincare routine âœ¨#beautyskincareroutine #skincareroutine #makeup #asmrsounds #shorts,bRc0td09F3w,AWSM Clips,2025-01-16T05:55:33Z,https://www.youtube.com/watch?v=bRc0td09F3w,Skincare routine âœ¨#beautyskincareroutine #skincareroutine #makeup #asmrsounds #shorts Face tightening massage.,
Boyfriend ASMR skincare routine ğŸ˜… Which ğŸ’šğŸ©· is next? #skincare #asmr #skincareroutine #asmrsoap,F98ubDbjOFc,Lola Looks,2025-03-30T15:44:10Z,https://www.youtube.com/watch?v=F98ubDbjOFc,,
ğŸ§´My 9 steps bodycare routine #asmr #skincare #aesthetic #bodycare #cleangirl #nightroutine #fyp,pB77AXvHkNs,Vivian JIu,2025-01-26T14:00:25Z,https://www.youtube.com/watch?v=pB77AXvHkNs,,
My Skin Care Routineâ¤ï¸ğŸ’…ğŸ’„ #skincare #couple #trending #grwm,sloLE5U_aeA,twinkle gleam,2025-02-02T05:23:51Z,https://www.youtube.com/watch?v=sloLE5U_aeA,My Skin Care Routineâ¤ï¸     #skincare #couple #trending #grwm.,
Sea Beauty Dead Skin Remover #skincare #skincareroutine #youtube #shorts,EE0T7mNliOQ,Sea Beauty,2025-03-15T12:34:05Z,https://www.youtube.com/watch?v=EE0T7mNliOQ,,
à´‡à´¨à´¿ à´’à´°àµ âœ¨New yearğŸŠ Glow up Routine à´†à´µà´¾à´‚,wrmYF9kXSZs,Miracle Mirror Malayalam_Reshma,2025-01-20T14:26:37Z,https://www.youtube.com/watch?v=wrmYF9kXSZs,Hey! I'm Reshma here! Have a nice Day GET TO KNOW ME MORE: Facebook:- Miracle Mirror Malayalam Instagram:- miracle ...,
Beetroot face mask #beetroot #facemask #skincare #glowingskin #faceskincare #glowup #skincareroutine,58_9z5WFH_4,JanviVlogs,2025-01-12T14:20:20Z,https://www.youtube.com/watch?v=58_9z5WFH_4,,
Secret glowing skin  face mask by Dr.Upasna Vohra #glowingskin #darkspots #pimple #skincaretips,-anYqnMi7g0,Fitness bestie,2025-01-18T05:41:13Z,https://www.youtube.com/watch?v=-anYqnMi7g0,Secret glowing skin face mask by Dr.Upasna Vohra #glowingskin #darkspots #pimple #skincaretips #pigmentation ...,
Skin care routine remedy by Dr.Upasna #skincare #cream #skincaretips #glowingskin #shorts,dVEZ1KIFpn0,HAD agarwal kitchen ,2025-02-21T05:23:44Z,https://www.youtube.com/watch?v=dVEZ1KIFpn0,Skin care routine remedy by Dr.Upasna #skincare #cream #skincaretips #glowingskin #shorts.,
Yosharish siri #skincare #botoxm #travel #botoxcosmetic #beauty #botox #skincareroutine,qcfZ4d2Msoc,Farangiz Sodiqova,2025-01-26T16:53:12Z,https://www.youtube.com/watch?v=qcfZ4d2Msoc,,
honey gloss ceramide therapy hair mask #skincareroutine #skincarelover #skincare,AzP5u__OtU0,Skincare Expo,2025-02-28T13:58:02Z,https://www.youtube.com/watch?v=AzP5u__OtU0,WANT RADIANT CRYSTAL-CLEAR SKIN. CLICK LINK IN MY YT BIO #skincareroutine #skincarelover.,
NONSENSICAL Beauty Routine. #dermreacts #skincare,2_s9IE-R7MY,DermAngelo,2025-03-11T21:13:18Z,https://www.youtube.com/watch?v=2_s9IE-R7MY,,
Best skin care routine secret (Get glowing skin in weeks) #skincare #glow #grooming,0oeJHjwFviI,Luxe CLiQ,2025-01-22T15:07:44Z,https://www.youtube.com/watch?v=0oeJHjwFviI,,
Dipika Kakkar Mom's Favourite skincare secret #skincareroutine #skincare #shortsfeed #shorts #diy,wRp7udgvDpA,Jayashree dudhani  kitchen ,2025-02-21T17:23:45Z,https://www.youtube.com/watch?v=wRp7udgvDpA,"Dipika Kakkar Mom's Favourite skincare secret #skincareroutine #skincare #shortsfeed #shorts #diy . . . . . dipika kakar, dipika ...",
Blueberry skincare routine ğŸ« #skincare #skincareroutine #skin #beauty #skincareroutines,FmXFX7PMd7Q,Leanne Page,2025-03-12T16:15:18Z,https://www.youtube.com/watch?v=FmXFX7PMd7Q,,
Skincare in Plane âœˆï¸ Washroom ğŸ˜± #skincare #skincareroutine #airplane,Uw0085v73qI,Tanuja Choudhary,2025-03-18T06:51:46Z,https://www.youtube.com/watch?v=Uw0085v73qI,,
ğŸ“Œ The Perfect Skincare Routine Order! âœ¨#shorts,mkBTUDxMKtU,velvet glow,2025-02-20T16:01:00Z,https://www.youtube.com/watch?v=mkBTUDxMKtU,,
purple shower RoutineğŸš¿ğŸ’œ  #shorts #ytshorts #youtubeshorts #trending #viral #youtube #trend #skincare,He5gvl5UCS0,Akanksha Soni,2025-03-01T15:21:50Z,https://www.youtube.com/watch?v=He5gvl5UCS0,,
HOW I GUA SHA FOR THAT SNATCHED FACE #guashafacial #guasha #beautytips #skincaretips #beautyhacks,tKVjfkas748,alena ,2025-03-03T00:35:22Z,https://www.youtube.com/watch?v=tKVjfkas748,,
#skincare #skincaretips #skincareroutine #antiaging #antiwrinkle,MSkPJY182AE,PROLIFIC HEALTHY INSPIRATIONS ,2025-03-25T19:57:57Z,https://www.youtube.com/watch?v=MSkPJY182AE,,
My Plane Skincare Routine,hNiwf_O9UIk,Jillian Gottlieb,2025-01-25T16:45:03Z,https://www.youtube.com/watch?v=hNiwf_O9UIk,My Plane Skincare Routine Shop my anti-aging skincare routine â¡ï¸ https://shopmy.us/public/jilliangottlieb Subscribe to see ...,
Who can relate? ğŸ¥² #skincare #acne #makeup #acnetreatment #acneproneskin #skincareroutine,aMjcVZ54c8w,Oleksa Ley,2025-03-06T14:00:02Z,https://www.youtube.com/watch?v=aMjcVZ54c8w,,
Multani Mitti on skin | should you use it  @Roielshree-1998,4bm0w1QOzcA,Dr. Aanchal MD,2025-02-21T06:58:54Z,https://www.youtube.com/watch?v=4bm0w1QOzcA,Steps to make a simple skin care routine: Morning â–ªï¸Cleanser : according to your skin type. âœ”ï¸Gentle cleanser for normal to ...,
3-Step Pore Care Routine from Korean Mom vs. Modern Koreans #shorts,B2fnX9G9DQw,krystallee,2025-01-14T00:13:20Z,https://www.youtube.com/watch?v=B2fnX9G9DQw,Hey guys! This was an ad for other platforms but I'm reposting here to share our skincare routines/tips with you guys   enjoy!,
POV: a tiny frog does your nighttime skincare routine! ğŸ˜´ğŸ’¤ğŸ§´#asmrsounds #skincare #asmr #cute,1UN10QyPgXY,Mrfrogofficialpage,2025-02-05T01:24:05Z,https://www.youtube.com/watch?v=1UN10QyPgXY,,
Pink skincare routine ğŸ’• #skincare #skincareroutine #skin #beauty,wgtufxFupoc,Leanne Page,2025-02-01T17:58:30Z,https://www.youtube.com/watch?v=wgtufxFupoc,,
#shortvideo #skincare #pregency #pregnant #pregenency #pregnancyjourney #preganacy #skincareroutine,DXr3tIx3HGA,dr Zulayho Uzi ğŸ¤°ğŸ»,2025-01-14T06:01:56Z,https://www.youtube.com/watch?v=DXr3tIx3HGA,,
POV: you're home alone ğŸ¤ #skincare #skincareroutine #skin #skincareroutines #beauty,XKLT1HrsT1I,Leanne Page,2025-03-01T18:32:17Z,https://www.youtube.com/watch?v=XKLT1HrsT1I,,
Todayâ€™s vlog :) #detox #skincare #girl #selfcare #selflove #kawaii #skincareroutine #fatloss,LM2ktI3vCfQ,Unfitofit official,2025-03-30T14:28:29Z,https://www.youtube.com/watch?v=LM2ktI3vCfQ,,
my skincare routine/ 6 skincare tips i wish i knew earlier !!! #skincare #skincareroutine #acne,AvtZT7VyEm0,alena ,2025-02-02T20:00:09Z,https://www.youtube.com/watch?v=AvtZT7VyEm0,,
Just mix Aloe vera with Vaseline and you will be amazed!! #beautyhacks #skincaretips,gTsvFmiLpbo,Latin Kitchen,2025-03-11T19:00:26Z,https://www.youtube.com/watch?v=gTsvFmiLpbo,"DIY Aloe Vera & Vaseline Skin Miracle â€“ Get Soft, Glowing Skin Naturally! âœ¨ This simple homemade cream deeply moisturizes, ...",
Full Day Skincare Routine Under â‚¹1000/- ğŸ¤¯ğŸ’¦,-ArGc4ieh1M,Alfiya Karim Khan,2025-03-04T14:05:20Z,https://www.youtube.com/watch?v=-ArGc4ieh1M,,
MY * UNSPONSORED * Realistic skincare routine,8UtMjbspHOc,Aarti Kushwaha,2025-01-21T06:57:47Z,https://www.youtube.com/watch?v=8UtMjbspHOc,,
Repair Your Damaged Skin Barrier in JUST 5 Days! ğŸ”¥#skincare #glowup2025 #acnefree,uKcXJgyqsgI,Graceful Glowtips,2025-03-02T02:56:15Z,https://www.youtube.com/watch?v=uKcXJgyqsgI,"Repair Your Damaged Skin Barrier in JUST 5 Days! #skincare #glowup2025 #acnefree Is your skin feeling dry, irritated, ...",
Rakul Preet Singh Skincare Routine - Raj Shamani #shorts,Vmz0TTtqfnk,Raj Shamani Shorts,2025-03-27T15:45:02Z,https://www.youtube.com/watch?v=Vmz0TTtqfnk,Rakul Preet Singh Skincare Routine â˜‘ï¸ Subscribe To Our Primary/Podcast Channel: https://www.youtube.com/@rajshamani ...,
Best serum for tan removal #skincare #tanremove #tanremoving #trending #skincareroutine #ytshorts,1gXrECuTQ0c,Hiteshi Dodiya,2025-02-08T11:11:05Z,https://www.youtube.com/watch?v=1gXrECuTQ0c,"Serum name: Get nectar Kojic acid and Glycolic acid serum. This is the only serum you need to reduce tan, fade dark spots, ...",
4 TRUCOS PARA USAR TU MASCARILLA DE PAPEL #skincare #skin #skincareroutine #skincaretips #piel,Xh6eFcPwG_8,fferlopez,2025-03-31T20:00:25Z,https://www.youtube.com/watch?v=Xh6eFcPwG_8,,
Skin care tips by Isha devol #skincare #glowingskin #pigmentation #skincareroutine #shorts,mPQ6lMxw7eY,HAD agarwal kitchen ,2025-03-22T05:25:52Z,https://www.youtube.com/watch?v=mPQ6lMxw7eY,Skin care tips by Isha devol #skincare #glowingskin #pigmentation #skincareroutine #shorts.,
LIGHTENING FAST Skincare Routine #dermreacts #skincare,gxDbs-ST93M,DermAngelo,2025-02-01T22:39:14Z,https://www.youtube.com/watch?v=gxDbs-ST93M,,
Preppy brands I DONT ownğŸ’”#aesthetic #preppy #skincare #makeup #beauty #preppyyyy #fyp,1oiL9UJE-_4,Kelsey Denise,2025-01-12T18:26:00Z,https://www.youtube.com/watch?v=1oiL9UJE-_4,,
Episode 5/21 of Mindful ChoicesğŸ©· #skincareroutine #yoga #healthylifestyle #health,c8ItNO6iklg,Taniya Sharma,2025-02-19T11:09:43Z,https://www.youtube.com/watch?v=c8ItNO6iklg,,
WEIRD MORNING SHED ROUTINE. #dermreacts #skincare #morningshed,Wug68S2M3dc,DermAngelo,2025-03-21T20:06:04Z,https://www.youtube.com/watch?v=Wug68S2M3dc,,
Leg Shave RoutineğŸª’ for SMOOTH LEGSğŸ€ #bodycare #routine #legshave #yt #skincare #body #care #shorts,RACF4s3mQSQ,Akancha Sharma,2025-03-03T12:23:00Z,https://www.youtube.com/watch?v=RACF4s3mQSQ,,
Pharmacy productâ€™s skincare routine for all skin typesğŸ¥°â¤ï¸ DO CHECK IT OUT #skincare #acne,OztY8BbN6VA,Dr.Bhagyashree,2025-01-06T19:25:17Z,https://www.youtube.com/watch?v=OztY8BbN6VA,,
ğŸ’šGreen color shower RoutineğŸš¿ğŸ’š #shorts #youtube #ytshorts #youtubeshorts #trending #trend #viral #yt,grLFa3inZ2k,Akanksha Soni,2025-03-19T15:09:53Z,https://www.youtube.com/watch?v=grLFa3inZ2k,,
What do you think ? âœ…orâŒ ? #tamilcreator #tamilbeautytips #skincareroutine #haircaretips #silkyhair,fcxEmTerjfA,Nandsskin,2025-03-13T17:19:03Z,https://www.youtube.com/watch?v=fcxEmTerjfA,,
"99% Indians Ruining Their Skin! ğŸ˜± Skin Care Myths, Botox, Acne & Home Remedies | Must-Know Tips!",9RBzTCxlAHQ,Nitipath,2025-03-18T08:54:33Z,https://www.youtube.com/watch?v=9RBzTCxlAHQ,"99% Indians Ruining Their Skin! Skin Care Myths, Botox, Acne & Home Remedies | Must-Know Tips! #skincare #myths ...",
These wonâ€™t help with body tanning,XhEXdfNpKhw,Dr. Aanchal MD,2025-03-08T07:39:18Z,https://www.youtube.com/watch?v=XhEXdfNpKhw,Tanning is a common complaint. It usually takes anywhere between 2 weeks to 3 months for tan to lighten. Reducing sun ...,
Glowing Skinâœ¨Healthy Skin Home remedyâœ… Korean Glass skin #skincare #homeremedy #ytshorts #glassskin,JsDOM6jFUWU,Sana Saifi,2025-01-22T14:59:32Z,https://www.youtube.com/watch?v=JsDOM6jFUWU,"Home Remdy For Glass Skin at Homeâœ“ Dull, Dehydrated, Tanning|#homeremedy #skincare #ytshorts #shorts #glowingskin ...",
ğŸ˜± Megan Foxâ€™s Unexpected Glow Up Trick! ğŸ’–#shortsviral,cqQ-69OqwQU,velvet glow,2025-03-26T10:42:48Z,https://www.youtube.com/watch?v=cqQ-69OqwQU,,
Anti Aging | Retinol Routine For Beginner | Retinol | Urmila Nimbalkar,79-7tg2spak,Urmila Nimbalkar,2025-02-18T07:53:18Z,https://www.youtube.com/watch?v=79-7tg2spak,,
My model skincare routine,SUmButMJNgc,David Kim,2025-03-27T19:17:52Z,https://www.youtube.com/watch?v=SUmButMJNgc,,
Know your skin type #skintype #dailyshorts #skincare #skincare #skincareroutine,ZvgYj2anpBc,Hemant harchani,2025-02-15T17:30:09Z,https://www.youtube.com/watch?v=ZvgYj2anpBc,,
Nooni #chxrryglowy #skincare #cleanser #skincareroutine #oilpulling,VtRRmLiCZSs,Chxrryglowy,2025-02-11T12:54:40Z,https://www.youtube.com/watch?v=VtRRmLiCZSs,,
Do this to achieve Korean skinâœ¨ #trendingshorts#skincareroutine,83gUDKZkgMA,Manimaran + Pavithra,2025-03-25T08:55:19Z,https://www.youtube.com/watch?v=83gUDKZkgMA,,
"Korean Like Glass Skin in 5 Days, Glowing skin like a facial #beauty #glassskin #skincare",45XtjrKpww8,Beautifulyoutips,2025-02-08T08:02:53Z,https://www.youtube.com/watch?v=45XtjrKpww8,,
Best Face Serum for clear glowing skin,exQMnGuqYrU,HEAD 2 TOE,2025-01-01T12:30:36Z,https://www.youtube.com/watch?v=exQMnGuqYrU,Face serums can add moisture and high concentrations of beneficial nutrients to your skin. The formula you choose can affect the ...,
Skincare routine with HaidarğŸ˜ #skincare #fyp,HhZrFXeF7PY,Haidar Tlass,2025-03-11T21:18:06Z,https://www.youtube.com/watch?v=HhZrFXeF7PY,,
The best K-BEAUTY skincare routine ever?!!ğŸ˜ğŸ¤© #skincare #kbeauty #korean #beauty,AC9_21_X5T8,Aylen Park,2025-03-13T06:23:13Z,https://www.youtube.com/watch?v=AC9_21_X5T8,,
My Nighttime 8 Step Skin Care Routine ğŸ§–ğŸ½â€â™€ï¸ğŸ§´ğŸ¦¢âœ¨,S9Z9fvyh5lA,Lavish Krish,2025-03-03T15:51:10Z,https://www.youtube.com/watch?v=S9Z9fvyh5lA,,
Homemade Korean Glass Skin cream | Winter night cream #shorts,0r5pjmthOVA,Pooja sen makeover,2025-01-08T09:29:17Z,https://www.youtube.com/watch?v=0r5pjmthOVA,"glass skin, glass skin home remedies, korean glass skin,skin care, how to get glass skin, skin whitening home remedies, korean ...",
"How to Get Glass Skin in 30 Days! âœ¨ Clear, Glowing Skin Routine #skincare #glasskin #clearskin #acne",BIUuV71qsPo,Sristy Dutta,2025-02-22T14:23:19Z,https://www.youtube.com/watch?v=BIUuV71qsPo,"Want clear, glowing glass skin in just 30 days? It's easier than you think! With the right skincare routine, you can achieve smooth, ...",
ğŸ˜ğŸ˜¦ Kaise use karein Cetaphil ?? #cetaphilcleanser  #dailyshorts #skincare  #skincareroutine,csZVmtu2WoI,Hemant harchani,2025-03-02T17:30:12Z,https://www.youtube.com/watch?v=csZVmtu2WoI,,
Essential Body Care Routine for Smooth Skin | Must-Have Body Care Products #shorts #bodycare #glowup,qqMzQqH3RP4,Skin care by Skin Secrets,2025-03-18T10:01:07Z,https://www.youtube.com/watch?v=qqMzQqH3RP4,Essential Body Care Routine for Smooth Skin | Must-Have Body Care Products! Glow up starts here!   Shop now Link ...,
WASTEFUL HAND CARE ROUTINE #dermreacts #skincare #asmr,-a3lvX_GF8w,DermAngelo,2025-03-09T13:52:52Z,https://www.youtube.com/watch?v=-a3lvX_GF8w,,
Nighttime skincare routine I HAVE DRY SKIN/ ECZEMA,xbH7qAyIIMA,Emmy Combs,2025-03-20T18:58:46Z,https://www.youtube.com/watch?v=xbH7qAyIIMA,,
Skincare routine under rs 300 ğŸ˜® #skincare #shorts,30AjLAkxmgk,Dr Kratika Mohan,2025-01-25T08:30:43Z,https://www.youtube.com/watch?v=30AjLAkxmgk,,
Sharing my easy-peasy skincare routine ğŸ§–â€â™€ï¸âœ¨,D-wyXb-52K4,Dr. Shilpa Arora,2025-01-09T12:30:19Z,https://www.youtube.com/watch?v=D-wyXb-52K4,,
Visible anti-ageing results  #eucerin #epicelline #skincareroutine,fPOrBWeTWBo,Eucerin South Africa,2025-03-17T09:29:01Z,https://www.youtube.com/watch?v=fPOrBWeTWBo,Slow down skin ageing with our patented Age Clock Technology and active ingredient Epicelline.,
Glycerine for glowing skin #skincare #beauty #antiaging #glycerin #shorts #trending #beautytips,xh9e2QydchI,Sapana Jhirwal ,2025-01-25T15:12:07Z,https://www.youtube.com/watch?v=xh9e2QydchI,Glycerine for glowing skin #antiaging #glowingskin #skincare #glycerin #skincareroutine #diy #homeremedies #shorts ...,
Banana skincare routine ğŸŒ#skincare #skincareroutine #sin #beauty #skincareroutines,DKM3NdMOWKw,Leanne Page,2025-03-10T17:51:53Z,https://www.youtube.com/watch?v=DKM3NdMOWKw,,
Weekly skincare routineğŸŒ»âœ¨               #skincare #shorts,tiwBGi24__o,Rainbow CanvasğŸŒˆâ˜€ï¸,2025-02-22T05:37:48Z,https://www.youtube.com/watch?v=tiwBGi24__o,,
5 Steps Morning Skincare For Glowing Skin | Best Skincare Routine #ytshorts #ashortaday #shortsfeed,q0yO6Ur--so,Glow Up By Shifa,2025-02-05T15:27:29Z,https://www.youtube.com/watch?v=q0yO6Ur--so,"Ultimate Morning Skincare Routine for Glowing Skin! âœ¨ Want healthy, glowing skin? Your morning skincare routine plays a ...",
Turning my skincare routine into SLIME?!,WBYCPMCr2kw,Peachybbies,2025-03-16T18:00:27Z,https://www.youtube.com/watch?v=WBYCPMCr2kw,,
âœ¨Skincare Giveawayâœ¨ #skincare #sephora #ulta #makeup #skincareroutine,zYOBnid2IM8,Brianna Roman,2025-03-12T20:00:40Z,https://www.youtube.com/watch?v=zYOBnid2IM8,Comment to enter giveaway. Winner will be chosen March 19th! SUBSCRIBE â‡¨ new videos every day     S O C I A L S ...,
ğŸŒ¸asmr skincare routine on the trainğŸ§#skincare #vlog #travel #asmr #fyp #foryou,lR7Ojg-ay9o,Alice Wu,2025-01-26T23:51:40Z,https://www.youtube.com/watch?v=lR7Ojg-ay9o,,
my *honest* underarm care routine!! ğŸ›€ğŸ«§ #shorts #youtubeshorts #darkunderarms #darkarmpits #routine,BsHvB266UIs,Rashi Shrivastava,2025-03-03T14:05:50Z,https://www.youtube.com/watch?v=BsHvB266UIs,Link: ...,
Skincare Routine to Look 10 Year Younger â¤ï¸âœ¨#shorts #antiaging #preityprerna #youngerskin,bR1CVqM8Les,Preity à¤ªà¥à¤°à¥‡à¤°à¤£à¤¾,2025-02-12T04:50:34Z,https://www.youtube.com/watch?v=bR1CVqM8Les,,
ğŸŒ¸*NON-SPONSORED* Glass-Skin Skincare Routine!!!ğŸŒ¸ #ashortaday #skincare #glassskin,NlQjcE-jD8o,Mousumi Kundu,2025-01-07T07:54:59Z,https://www.youtube.com/watch?v=NlQjcE-jD8o,,
Night Routine For Glass Skin Revealed ğŸ˜ğŸ¥°#preityprerna #skincaretips #skingoals #skincare,C4cQXEZGttg,Preity à¤ªà¥à¤°à¥‡à¤°à¤£à¤¾,2025-02-16T09:05:09Z,https://www.youtube.com/watch?v=C4cQXEZGttg,,
How to reduce tanning | simple effective routine | dermatologist suggests,1IKyagH6nbk,Dr. Aanchal MD,2025-02-13T09:22:24Z,https://www.youtube.com/watch?v=1IKyagH6nbk,Here are a few things to understand about tanning : â–ªï¸Tanning will not fade if you continue sun exposure â–ªï¸Time taken for ...,
Summer Skincare Routine For Men under â‚¹300/-ğŸŒ,j-w4G1N_hDQ,Allen Choudhary,2025-03-27T07:36:53Z,https://www.youtube.com/watch?v=j-w4G1N_hDQ,skincare #skincareroutine #menskincare #dailyshorts #mensgrooming #tip #mensskincare #fyp #paichu #menskincareproducts ...,
morning skincare routineğŸ’— #aesthetic #asmr #skincare #selfcare #skincareroutine #pink #fyp #shorts,1F8Wi-vjuQE,Sophia Xin,2025-01-30T16:23:35Z,https://www.youtube.com/watch?v=1F8Wi-vjuQE,,
My sensitive skincare routine ğŸ¥¹ğŸ§´â­ï¸ @simpleskincare,ZF2J_Y8yiPc,Yashasvi Rajpoot,2025-03-30T09:14:30Z,https://www.youtube.com/watch?v=ZF2J_Y8yiPc,"I'm being extra careful with my sensitive skin these days, which is why I added the Simple Refreshing Facial Wash to my routine.",
SIMPLE Menâ€™s Skincare Routine. #dermreacts #skincare,lK--YASOPFE,DermAngelo,2025-02-04T14:20:01Z,https://www.youtube.com/watch?v=lK--YASOPFE,,
ğŸš¨ STOP! Are You Using Glycerine the Wrong Way? ğŸš¨,MrRjFxHNFt8,Satya Skin Clinic,2025-02-04T13:19:49Z,https://www.youtube.com/watch?v=MrRjFxHNFt8,"Glycerine is a hydration hero, but did you know it can also dry out your skin? If there's low humidity, it pulls moisture from within ...",
Preteen skincare routine #skincare #skincareproducts #skincareroutine #skincarehaul,zMkmsDF8YK8,Brianna Roman,2025-01-12T16:34:53Z,https://www.youtube.com/watch?v=zMkmsDF8YK8,skincare #skincareproducts #skincareroutine.,
"""Hand care routine for younger looking hands #handcare #beautytips #skuncare #handcaretips #skincare",Vw_94C0dINA,Fashoholic ,2025-03-25T07:11:51Z,https://www.youtube.com/watch?v=Vw_94C0dINA,,
Donâ€™t Ignore this Add this to your skin care routine .,y8TCDYstJJs,The Fashion Verge,2025-01-20T12:43:32Z,https://www.youtube.com/watch?v=y8TCDYstJJs,Here is the link ...,
10 MILLION PPL WANT TO KNOW BOYFRIENDâ€™S SKINCARE ROUTINE ğŸ˜³ğŸ§–ğŸ»,xwWZdwmRDqs,Wendyskin,2025-03-10T08:31:42Z,https://www.youtube.com/watch?v=xwWZdwmRDqs,,
How I use Adapalene 0.1% Gel ğŸƒ    #acne #trending #shorts #youtube #viralshorts #views #skincare,-9JoeZMOX-8,Mansi Arya,2025-01-21T12:35:00Z,https://www.youtube.com/watch?v=-9JoeZMOX-8,trending #trendingshorts #trend #trendingvideo #trendingreels #trendingsong #treanding #trendingshort #shortsexplore ...,
Skin care routine ğŸ§¼ beef tallow,UIT04wy02f8,Elijah Forcier,2025-01-03T23:00:34Z,https://www.youtube.com/watch?v=UIT04wy02f8,Check Out My Socials For More Content! Tiktok: https://www.tiktok.com/@elijah_forcier?lang=en Instagram: ...,
Night skincare routine ğŸ«¶ğŸ» #skincare #asmr @haruharuwonderofficial,39o_bLap3bo,By Fannys,2025-03-25T17:08:15Z,https://www.youtube.com/watch?v=39o_bLap3bo,,
My simple night skincare routine | for dark spots & hyperpigmentation ğŸ©· #shortsvideo #asvimalayalam,NuxI3G1OfEs,Asvi Malayalam,2025-01-31T06:20:22Z,https://www.youtube.com/watch?v=NuxI3G1OfEs,,
OMG... how instant regret looks like ğŸ˜­ #acne #acnetreatment #skincareroutine #skincare,rPLgWoNsdok,Oleksa Ley,2025-03-10T19:00:42Z,https://www.youtube.com/watch?v=rPLgWoNsdok,,
Red color shower RoutineğŸŒ¹ğŸš¿ #shorts #youtubeshorts #youtube #ytshorts #trending #viral #skincare #yt,SNVZkD0mjII,Akanksha Soni,2025-03-28T13:56:49Z,https://www.youtube.com/watch?v=SNVZkD0mjII,,
Lemon skincare routine ğŸ‹ #skincare #brightskin #skincareroutine #skin #beauty,r-_qbp2CIM8,Leanne Page,2025-03-08T16:39:26Z,https://www.youtube.com/watch?v=r-_qbp2CIM8,,
ğŸ€asmr morning skincare routineğŸ«§ #morningroutine #dayinmylife#grwm #skincare #vlog #fyp #selfcare,7heKan6OrOU,Alice Wu,2025-01-28T22:30:00Z,https://www.youtube.com/watch?v=7heKan6OrOU,,
Best face wash video ll Cetaphil face wash ll Skin care routine ll @allenchoudhary,bdaF66rFCf8,Glow with vaibhu,2025-02-01T05:00:07Z,https://www.youtube.com/watch?v=bdaF66rFCf8,Best face wash video ll Cetaphil face wash ll Skin care routine ll Cetaphil face wash https://amzn.to/40ElkPW Ctaphil ...,
Rice Face Mask for Glowing Skin #skincare #shorts,Q4SxcKpTsRw,Samapti Banerjee,2025-03-10T14:49:24Z,https://www.youtube.com/watch?v=Q4SxcKpTsRw,,
Glycerine benefits on face #glycerin #glycerinbenefits #skincare #celebrityskincare #celebrityskin,nmCVZwC4wEs,Neha Mandal,2025-02-01T06:27:32Z,https://www.youtube.com/watch?v=nmCVZwC4wEs,,
PINK SKINCARE ROUTINE ğŸŒ¸ #skincare #asmr,CQZBZjGtnhU,Alexis Jacobo,2025-03-02T20:00:08Z,https://www.youtube.com/watch?v=CQZBZjGtnhU,,
I HAD SURGERY... now my skin is in SOS ğŸ†˜!!ï¸ (sos skincare routine),9ErhI-wFbUs,Wendyskin,2025-03-14T04:40:27Z,https://www.youtube.com/watch?v=9ErhI-wFbUs,,
Morning and Night Skincare Routine for Large Open Pores,aY-wibYQ3X4,Tarini Peshawaria,2025-02-25T10:02:03Z,https://www.youtube.com/watch?v=aY-wibYQ3X4,,
ğŸ˜±Skincare TransformationğŸ”¥Life fulla Acne ProblemsğŸ¥² #Tamil #skincare #transformation #ronavi #glow,90zF1cIz8RY,Ronavi,2025-03-12T08:30:05Z,https://www.youtube.com/watch?v=90zF1cIz8RY,"Join me on my skincare transformation journey from battling pimples to achieving glowing, healthy skin! âœ¨ It's been a journey of ...",
Crazy Satisfying BLACKHEAD REMOVAL 2025 #shorts,6GpCz_PlZH0,Mad About Skin,2025-01-30T19:09:01Z,https://www.youtube.com/watch?v=6GpCz_PlZH0,Crazy satisfying blackhead removal 2025 - this is going back to basics with a simple squeeze which delivers one of the best ...,
korean skincare is a waste of money! ğŸ¤¡ | beauty tips #youtubeshort #beauty #skincare,etalebH3QeU,Doro Cubillo,2025-02-07T08:00:37Z,https://www.youtube.com/watch?v=etalebH3QeU,this is medicube collagen overnight wrapped mask and this happens when you use it â¡ï¸ this korean overnight mask is one of ...,
Tan Removalâœ¨ #tanremoving #glowingskin #skincareroutine #tanremovalpack #diypack,yZW339hNbCU,Aradhana,2025-03-30T12:07:02Z,https://www.youtube.com/watch?v=yZW339hNbCU,,
G2G JADI FAVORITE KU SIH #makeup #lipcreammurah #skincare #lipmurah #skincareroutine #fypp #beauty,iS3DrqUB9Dc,SUNFLOWERS,2025-01-31T10:36:02Z,https://www.youtube.com/watch?v=iS3DrqUB9Dc,,
My skincare routineâœ¨for glass skinğŸŒ» #skincare #glassskin #skincareroutine,eFJMNK6VrzY,The Menika,2025-01-06T13:42:47Z,https://www.youtube.com/watch?v=eFJMNK6VrzY,,
Beetroot Gel for pink glowing face âœ¨ #skin #shorts,jbbxsZfX3pE,Chhavi Kashyap,2025-01-03T13:30:28Z,https://www.youtube.com/watch?v=jbbxsZfX3pE,Beetroot Gel for pink glowing face âœ¨ #skin #shorts #skincare #glowingskin #glowing #beetroot #facial #skincareroutine ...,
"As an active girly, I need a skincare routine that works hard, just like the @pondsph bright miracle",JTKXC87kNao,Anja Mendoza,2025-03-25T03:34:11Z,https://www.youtube.com/watch?v=JTKXC87kNao,,
Night Skincare Routine For Children #preityprerna #skincare #beauty #childrenskincare #skincaretips,FhZc47cntpE,Preity à¤ªà¥à¤°à¥‡à¤°à¤£à¤¾,2025-03-22T09:00:01Z,https://www.youtube.com/watch?v=FhZc47cntpE,,
"Milia, Tiny Bumps, Clogged Pores & Open Pores Treatment Skincare Routine",SLnqpQSWfE4,Rohit Sachdeva,2025-01-26T06:30:11Z,https://www.youtube.com/watch?v=SLnqpQSWfE4,"Milia, Tiny Bumps, Clogged Pores & Open Pores Treatment Skincare Routine Free Home Delivery all over India ...",
Everything shower routine #asmr #selfcare #shower #aesthetic #routine #skincare #bodycare #haircare,fJxRHRFy-68,Sylvia Geng,2025-03-09T20:44:02Z,https://www.youtube.com/watch?v=fJxRHRFy-68,,
Night skin care routine for normal to dry skinâœ… #skincare #shortvideo #minivlog #shortsvideo,MIKqZVafmVw,Mrs. Tiyasha,2025-02-28T14:00:30Z,https://www.youtube.com/watch?v=MIKqZVafmVw,,
Do you like my skincare routine? ğŸ§šâ€â™€ï¸ #skincare #haul #funny,0OOj88cQZ5M,Vicky Paw,2025-03-14T19:27:23Z,https://www.youtube.com/watch?v=0OOj88cQZ5M,,
asmr hair care routineâœ¨ğŸµğŸ€ğŸ«§ #asmr #skincare #selfcare,hd89uEQLxR8,Lina Vol,2025-03-02T12:15:56Z,https://www.youtube.com/watch?v=hd89uEQLxR8,,
winter special morning skin care routine ğŸ˜âœ¨ #glowingskin #skincare #youtubeshorts #viralvideos ğŸ§¿ğŸ’–,keoUzoK0Cgg,Munmun Konai,2025-01-04T04:09:39Z,https://www.youtube.com/watch?v=keoUzoK0Cgg,,
dry hands care routine ğŸ§–â€â™€ï¸ #asmr #handcare #beauty #shorts #selflove #hand,p-3QNxiL1ys,The Hayeks,2025-03-05T18:24:51Z,https://www.youtube.com/watch?v=p-3QNxiL1ys,,
Best sunscreen for all skin type #skincare #tanned #trending #skincareroutine #ytshorts #tanfreeskin,xHgUSzq3raM,Hiteshi Dodiya,2025-02-15T11:24:52Z,https://www.youtube.com/watch?v=xHgUSzq3raM,"Here is my top affordable sunscreen which performs expensive!âœ¨ . It has Vitamin C & E to fight dullness, reduce tan, dark spots ...",
Strawberry skincare routine ğŸ“ #skincare #skincareroutine #skincareroutines #skin #beauty,CYketrRL69E,Leanne Page,2025-03-25T17:12:42Z,https://www.youtube.com/watch?v=CYketrRL69E,,
My Skin Care Routine: Look Younger Than Your Age - Suman Pahuja | #Shorts #skincare #ashortaday,-FaE-yPKI1c,Fat to Fab,2025-02-04T10:50:44Z,https://www.youtube.com/watch?v=-FaE-yPKI1c,Natural Collagen - https://youtu.be/eO_BltV7Xd8 -------------------- For Personalized Diet Plans: Email - Enquiry@sumanpahuja.com ...,
NIGHT SKINCARE ROUTINE: MIO PADRE DIVENTARE NONNO? ğŸ¤°ğŸ»ğŸ˜³ #shorts,kxGsW_zsIsg,Jingherly,2025-03-24T00:00:12Z,https://www.youtube.com/watch?v=kxGsW_zsIsg,,
#skincare #skincareroutine #selfcare #asmr #relaxing #glowuproutine #dailyvlog #aesthetic,5OeOLgnXykg,Larana ,2025-01-07T09:27:58Z,https://www.youtube.com/watch?v=5OeOLgnXykg,,
winter special morning skin care routine ğŸ˜âœ¨ #glowingskin #skincare #youtubeshorts #viralvideos ğŸ§¿ğŸ’–,keoUzoK0Cgg,Munmun Konai,2025-01-04T04:09:39Z,https://www.youtube.com/watch?v=keoUzoK0Cgg,,
dry hands care routine ğŸ§–â€â™€ï¸ #asmr #handcare #beauty #shorts #selflove #hand,p-3QNxiL1ys,The Hayeks,2025-03-05T18:24:51Z,https://www.youtube.com/watch?v=p-3QNxiL1ys,,
Best sunscreen for all skin type #skincare #tanned #trending #skincareroutine #ytshorts #tanfreeskin,xHgUSzq3raM,Hiteshi Dodiya,2025-02-15T11:24:52Z,https://www.youtube.com/watch?v=xHgUSzq3raM,"Here is my top affordable sunscreen which performs expensive!âœ¨ . It has Vitamin C & E to fight dullness, reduce tan, dark spots ...",
Strawberry skincare routine ğŸ“ #skincare #skincareroutine #skincareroutines #skin #beauty,CYketrRL69E,Leanne Page,2025-03-25T17:12:42Z,https://www.youtube.com/watch?v=CYketrRL69E,,
My Skin Care Routine: Look Younger Than Your Age - Suman Pahuja | #Shorts #skincare #ashortaday,-FaE-yPKI1c,Fat to Fab,2025-02-04T10:50:44Z,https://www.youtube.com/watch?v=-FaE-yPKI1c,Natural Collagen - https://youtu.be/eO_BltV7Xd8 -------------------- For Personalized Diet Plans: Email - Enquiry@sumanpahuja.com ...,
NIGHT SKINCARE ROUTINE: MIO PADRE DIVENTARE NONNO? ğŸ¤°ğŸ»ğŸ˜³ #shorts,kxGsW_zsIsg,Jingherly,2025-03-24T00:00:12Z,https://www.youtube.com/watch?v=kxGsW_zsIsg,,
#skincare #skincareroutine #selfcare #asmr #relaxing #glowuproutine #dailyvlog #aesthetic,5OeOLgnXykg,Larana ,2025-01-07T09:27:58Z,https://www.youtube.com/watch?v=5OeOLgnXykg,,
Skincare Routine for Dry & Oily Skin | Best Cleansers for Your Skin Type! #SkincareRoutine #FaceWash,pkNHe3PZEBA,Spark Daily tips,2025-02-08T05:41:02Z,https://www.youtube.com/watch?v=pkNHe3PZEBA,"Finding the right face wash is the first step to healthy skin! If you have dry skin, go for a gentle, hydrating cleanser, like the Cetaphil ...",
#skincare #nighttimeskincareroutine #skincareroutine #dailyvlog #vlog,zpfOfnHylls,Larana ,2025-03-22T11:13:13Z,https://www.youtube.com/watch?v=zpfOfnHylls,,
Deep pore cleanse ğŸ¤ #skincare #skincareroutine #skin #beauty,N2Xdc9f96qQ,Leanne Page,2025-01-31T16:52:38Z,https://www.youtube.com/watch?v=N2Xdc9f96qQ,,
Should I pop these pimples?! ğŸ‘€  #skincare #acneproneskin #pimple #skincareroutine #oddlysatisfying,5YDcdaR-EnU,Hero Cosmetics,2025-01-29T17:00:06Z,https://www.youtube.com/watch?v=5YDcdaR-EnU,Can't believe the gunk from these Mighty PatchTM Original patches from Hero omg.,
ğŸŒ±parlor time ğŸŒ¸#skincareproducts #facial#shortvideo#skincareroutine #beauty products#beauty#youtube,bivaqLg9ohs,Beauty secrets by barkha ,2025-03-04T17:54:39Z,https://www.youtube.com/watch?v=bivaqLg9ohs,parlor time #skincareproducts #facial#shortvideo#skincareroutine #beauty products#beauty#youtube Face scrub Wishlink post ...,
Check the first commentğŸ«¶#youtubeshorts#facewash#review#sensitiveskin#skincare#routine#sideeffects,jDbdBx385UY,Anbudan VG,2025-03-17T15:05:05Z,https://www.youtube.com/watch?v=jDbdBx385UY,,
My new moisturizer cream - vilvah #minivlog #skincare #friend #newcream #SkincareRoutine,0Uc9_rq5B1w,Dividharsha ,2025-01-30T13:34:29Z,https://www.youtube.com/watch?v=0Uc9_rq5B1w,Description Indulge in Vilvah's collection of organic skin and hair care products. What's more? Get a special discount by clicking ...,
Best skincare for oily acne prone skin! #doctor #skin #acne #shorts,lUvx-SlqBVw,Dr. Yokesh Arul,2025-02-21T14:07:03Z,https://www.youtube.com/watch?v=lUvx-SlqBVw,partnership The Derma Co - Use code 'DRYOKESH20' to get 20% off! #NoFilter #TheDermaCo.,
ğŸ¥° Emojis SKINCARE routine #unboxing #unpacking #haul #skincare #funny #diy,Hjgv4SFWrA8,TatiWOW,2025-03-31T16:52:53Z,https://www.youtube.com/watch?v=Hjgv4SFWrA8,,
Weekly Pamper Routine- Skin care Edition ( Combination Skin) #skincare #facemask #cleanup,BUsc3aI1TVU,Sharmili Chakraborty,2025-03-23T11:20:42Z,https://www.youtube.com/watch?v=BUsc3aI1TVU,,
Easy and affordable skincare routine âœ¨ğŸ’• #acneproneskin #skincareroutine #skincare,hOOzV4mRTTA,Aayushhi Rana,2025-02-24T06:19:34Z,https://www.youtube.com/watch?v=hOOzV4mRTTA,"This is an amazing 2 step morning skincare routine that works best for oily, combination and normal skin. The products are ...",
Birthday Dress Shopping VlogğŸ›ï¸ #tamil #minivlog #shopping #birthdaydress #vilvah #skincareroutine,ipiFZwpp5u4,Ronavi,2025-02-28T08:30:17Z,https://www.youtube.com/watch?v=ipiFZwpp5u4,Join me as we go birthday shopping for Goutham picking the perfect birthday outfit and exploring some stylish options! Which one ...,
âœ¨ Adriana Limaâ€™s Skincare Routineâ€”How She Stays Flawless at 40! #short,ZfdKUY_7P1w,velvet glow,2025-02-06T18:00:21Z,https://www.youtube.com/watch?v=ZfdKUY_7P1w,,
Cookies & cream skincare ğŸª #skincare #skincareroutine #skin #beauty #skincareroutines,z4obqAa-0UU,Leanne Page,2025-03-27T17:33:18Z,https://www.youtube.com/watch?v=z4obqAa-0UU,,
Chocolate skincare routine ğŸ« #skincare #skincareroutine #skin #beauty #skincareroutines,iSi4QkwPHMw,Leanne Page,2025-03-21T17:09:31Z,https://www.youtube.com/watch?v=iSi4QkwPHMw,,
Rice Toner vs DIY Toner #skincare #koreanskincares,ehGjQgXKqDc,Point of Yu,2025-01-02T14:00:37Z,https://www.youtube.com/watch?v=ehGjQgXKqDc,"acne,k beauty,kbeauty haul,korean skincare,seoul haul,seoul shopping,shopping haul,skincare,korean glass skin,skincare tips ...",
Products you should buy in 2025!!ï¸#2025 #youtubeshorts #cream #skincare #beauty #skincareroutine,lzawHo0UBLo,Rashi Prabhakar,2025-01-08T12:30:16Z,https://www.youtube.com/watch?v=lzawHo0UBLo,,
"Blackheads, Whiteheads & Clogged Pores Permanent Treatment Skincare Routine",AMI_6YtvEfM,Rohit Sachdeva,2025-02-05T06:30:03Z,https://www.youtube.com/watch?v=AMI_6YtvEfM,"Blackheads, Whiteheads & Clogged Pores Permanent Treatment Skincare Routine Free Home Delivery all over India ...",
Morning skincare routine for clear glowy skin! #skincare,ljpxP6KVvHs,Abbey Yung,2025-03-05T17:33:49Z,https://www.youtube.com/watch?v=ljpxP6KVvHs,,
Dry Skin #skincare #skincareroutine #skincaretips #dryskin #dryskincare #skincareproducts #explore,aFFFwOdSvMw,Karishma Makeupartist ,2025-03-06T10:56:17Z,https://www.youtube.com/watch?v=aFFFwOdSvMw,,
NIGHT SKINCARE ROUTINE: rispondo agli hater ğŸ‘¹ #shorts,CtMFRGjcGF8,Jingherly,2025-03-26T16:57:06Z,https://www.youtube.com/watch?v=CtMFRGjcGF8,,
Dragon fruit skincare routine ğŸ¤ #skincare #skincareroutine #skin #skincareroutines #beauty,9PIeM-K2yv0,Leanne Page,2025-03-16T16:19:35Z,https://www.youtube.com/watch?v=9PIeM-K2yv0,,
#asmr #skincare #glowuproutine #aesthetic #skincareroutine #glowupdiaries #haircare #nightroutine,kS3yMrzsoRs,Larana ,2025-01-19T13:58:05Z,https://www.youtube.com/watch?v=kS3yMrzsoRs,,
Strawberry skincare routine ğŸ“ #skincare #skincareroutines #skin #skincareroutine,f1We9UZ0jdE,Leanne Page,2025-02-21T15:36:53Z,https://www.youtube.com/watch?v=f1We9UZ0jdE,,
POV: you have clogged pores ğŸ¤ #skincare #skincareroutine #skin #skincareroutines #beauty,i9JydJuqH0U,Leanne Page,2025-03-23T17:09:36Z,https://www.youtube.com/watch?v=i9JydJuqH0U,,
Lipcare routine ğŸ‘„ğŸ’„#lips #lipcare #asmr #beauty #sheinbeautyfinds #asmr  ï¸,n_YYSNB7_JY,By.fannys Fans,2025-03-08T17:30:54Z,https://www.youtube.com/watch?v=n_YYSNB7_JY,,
Emojis SKINCARE routine #unpacking #unboxing #haul #diy #funny #makeup #skincare,haAGbl8pKts,TatiWOW,2025-03-19T13:09:19Z,https://www.youtube.com/watch?v=haAGbl8pKts,,
This is BETTER THAN RETINOL! #retinol #skincareroutine #beautyvideos,VPHrE9FTWTI,Graceful Beauty,2025-01-12T02:22:20Z,https://www.youtube.com/watch?v=VPHrE9FTWTI,Products Used: 1. OIL CLEANSER - DHC Deep Cleaning OIL 2. CLEANSER - Cerave Foaming Face Cleanser 3. CHEMICAL ...,
How to exfoliate like a dermatologist. #exfoliating #skincareroutine,_lEt8ojPY0g,Dr. Neera Nathan,2025-01-30T17:45:45Z,https://www.youtube.com/watch?v=_lEt8ojPY0g,,
Skincare Routine for Students in just 300 Rs.ğŸ¤©,7xyi84vo3Xo,Rijul Behl,2025-03-09T11:36:46Z,https://www.youtube.com/watch?v=7xyi84vo3Xo,,
An ideal morning skincare routine,OCYpNUzbpIM,Dr. Aanchal MD,2025-02-18T10:41:26Z,https://www.youtube.com/watch?v=OCYpNUzbpIM,An ideal morning skincare routine consists of antioxidant serum and sunscreen #AD You can try the Derma Co 15% Vitamin C ...,
Oily skin problem || try this ğŸ‘‰ Multani mitti facepack #ytshort #multanimitti #beauty #skincare,GnxB7-MCD1U,Rupashreeofficial,2025-01-07T05:41:00Z,https://www.youtube.com/watch?v=GnxB7-MCD1U,,
My Korean ASMR Skincare Routine for Indian Summers ğŸ˜âœ¨ #ashortaday #shorts,jKXzNNXaPMI,Sarah Sarosh,2025-03-08T05:30:22Z,https://www.youtube.com/watch?v=jKXzNNXaPMI,,
GRWMâ¤ï¸ğŸ˜»Affordable products vech oru GRWM cheyyathalo #beautyproduct #skincareroutine #grwmskincare,b6uRrzzJgko,Sona Ansar,2025-01-27T18:23:45Z,https://www.youtube.com/watch?v=b6uRrzzJgko,,
Soothing Toner #chxrryglowy #skincare #skincareroutine,_ZJSSIoT9PQ,Chxrryglowy,2025-03-22T13:15:03Z,https://www.youtube.com/watch?v=_ZJSSIoT9PQ,,
Kaya serum mehongğŸ˜±#serum #skincare #skincareroutine #lips #skintific,tw5JoTV9G-4,Rintitbulbul,2025-02-12T11:29:54Z,https://www.youtube.com/watch?v=tw5JoTV9G-4,,
ğŸ«§relaxing spring break self care routine ğŸ©° #vlog #dayinmylife #selfcare #travel #grwm #skincare,AnMC86rWe8o,Alice Wu,2025-03-29T12:13:17Z,https://www.youtube.com/watch?v=AnMC86rWe8o,,
POV: it's a bad skin day ğŸ¤ #skincare #skincareroutine #skin #beauty #skincareroutines,lstD8vJc0KE,Leanne Page,2025-02-09T17:37:00Z,https://www.youtube.com/watch?v=lstD8vJc0KE,,
Blue skincare routineğŸ©µ Who can guess the next color?,_4KRp-4CRS4,DZâ™¡(7 with U),2025-03-24T10:47:29Z,https://www.youtube.com/watch?v=_4KRp-4CRS4,,
My current night care routineğŸŒ¸ Tap above for product detailsğŸ«¶ #tamil #skincare #shorts #harinisi,z-3d2L4ssfE,Harini SI,2025-03-20T13:19:36Z,https://www.youtube.com/watch?v=z-3d2L4ssfE,,
My winter special night skin care routine ğŸ˜â„â›„âœ¨ #youtubeshorts #skincareroutine #viralvideos #helpful,W7hAnrEatzc,Munmun Konai,2025-01-14T04:27:33Z,https://www.youtube.com/watch?v=W7hAnrEatzc,,
BEST KBEAUTY ACNE PRODUCTS!ğŸ˜± (follow for more!ğŸ’—) #kbeauty #koreanskincare #skincareroutine #skin,cFjuDtDlx2s,Matt Randon,2025-01-14T02:06:31Z,https://www.youtube.com/watch?v=cFjuDtDlx2s,,
Stray Kids and Skin Care Routine,ITHL7mHlr04,CELEBSOMAGA,2025-02-06T11:32:45Z,https://www.youtube.com/watch?v=ITHL7mHlr04,straykids #hyunjin #i_n #felix #skincare #Kpop #fy #kpopskincare #skincareroutine #maniac #collision #á„‰á…³á„á…³á„…á…¦á„‹á…µá„á…µá„Œá…³.,
Best Body care routine for teenagers(all skin type)ğŸŒ·#shorts #beauty #bodycare #aesthetic #short,arF1ctanyXA,BeautywithSaviiğŸŒ·,2025-02-06T10:47:34Z,https://www.youtube.com/watch?v=arF1ctanyXA,,
"Unlock clear, healthy skin secrets! ğŸ§´âœ¨ Join @drniveditadadu for the ideal teen skincare routine.",fi9TlJYCQCA,GunjanShouts,2025-03-03T01:30:24Z,https://www.youtube.com/watch?v=fi9TlJYCQCA,,
One Brand Review | Hyphen,L2wmMjfmVd0,Sonam Maggon,2025-02-22T12:30:18Z,https://www.youtube.com/watch?v=L2wmMjfmVd0,One Brand Review : @letshyphen HITS and MISSES âœ¨ - Finally Tried @kritisanon Brand for you and i am Presently Surprised by ...,
Summer Skincare Routine Made Easy: Hydration and Sun Protection in One Product!,YSZmMcG0oF0,Dr Shailya Gupta MD,2025-03-13T08:14:45Z,https://www.youtube.com/watch?v=YSZmMcG0oF0,Struggling to follow a skincare routine because of too many steps? What if you could use just one product that works as both a ...,
MY WINTER SKIN CARE ROUTINE â„ï¸ | #shorts,1eCu7V5m6Mw,Tarun Kinra,2025-01-06T15:03:13Z,https://www.youtube.com/watch?v=1eCu7V5m6Mw,"Hi guys, I hope you will like this video. If you want to watch more content like this.â¤ Please, Don't Forget to Like, Comment, Share ...",
Jaya Kishori's Best Skincare Hack | GLOWING SKIN TIPS | Skincare Routine at HOME #skincare #shorts,wP4eQde7Sb4,Priyalakshi's Yummy Bites,2025-02-28T13:10:02Z,https://www.youtube.com/watch?v=wP4eQde7Sb4,shortsfeed #skincaretips #skincareroutine #skincarelover #skincareroutines #jayakishori #jayakishoriji #glowingskinhomeremedy ...,
Forehead acne solution #acneproneskin #skincareroutine #skincaretips,wDxwscY-QWA,Divya Malik,2025-02-08T16:15:33Z,https://www.youtube.com/watch?v=wDxwscY-QWA,,
ğŸŒŸ My weekly Glowing ğŸ¥° skincare routine #youtubeshorts #skincare #shorts #vlog #viralvideo,d4GhoEA2_04,SWAGGER SHIVANI VLOGS,2025-02-04T17:21:02Z,https://www.youtube.com/watch?v=d4GhoEA2_04,youtubeshorts #skincare #shorts #vlog #viralvideo #youtubeshorts.,
Green skincare routine ğŸ’š #skincareroutines #skincarerountine #skin #skincare #beauty,Hj17Cc2mQhk,Leanne Page,2025-01-20T16:03:47Z,https://www.youtube.com/watch?v=Hj17Cc2mQhk,,
SMOOTHEST PIT SHAVE ROUTINE #shortsvideo #skincare #armpit #shaveroutine #asmr #asmrvideo,sJH3arjTWJk,Truly Beauty,2025-03-15T22:00:43Z,https://www.youtube.com/watch?v=sJH3arjTWJk,SHOP: truly.la/youtube Follow us on Instagram! https://www.instagram.com/trulybeauty/,
Telugu interesting #facts #triviatricks#skincare #skincaretelugu #skincareroutine,GDnltkrDK10,All in one-Telugu,2025-02-24T11:35:11Z,https://www.youtube.com/watch?v=GDnltkrDK10,Telugu interesting #facts #triviatricks#skincare #skincaretelugu #skincareroutine #interestingfacts #trivia #amazingfacts #food ...,
Rhode skincare routine ğŸ¤ #skincare #skincareroutine #skin #beauty,tRLsXnc3VGQ,Leanne Page,2025-02-03T18:23:57Z,https://www.youtube.com/watch?v=tRLsXnc3VGQ,,
Dermatologistâ€™s Melasma Routine #darkspots #hyperpigmentation  #skincareroutine,O-SGXA8t6l4,Dr. Shereene Idriss,2025-03-11T18:38:03Z,https://www.youtube.com/watch?v=O-SGXA8t6l4,,
Emojis SKINCARE routine #skincare #routines #unpacking #unboxing #beauty #lifehacks,AMzhjwzN5ts,TatiWOW,2025-03-23T07:27:47Z,https://www.youtube.com/watch?v=AMzhjwzN5ts,,
TONIGHT'S SKINCARE ROUTINE #SHORTS,K2l_thRbbVc,Shalini Kutti,2025-02-15T15:30:06Z,https://www.youtube.com/watch?v=K2l_thRbbVc,Using: Dyou inbalance Asaya multi peptide hyaluronic complex FAE daily dip Aminu radiance face oil Indewild dewy lip treatment.,
STACKED Acne Routine. #dermreacts #skincare #acne,cHVTBD2Dd4M,DermAngelo,2025-03-29T21:06:26Z,https://www.youtube.com/watch?v=cHVTBD2Dd4M,,
BF skincare routine ğŸ’… What sequence next? #asmrshorts  #asmr #skincareroutine #skincare,fftyAI46Zaw,Lola Looks,2025-02-22T02:49:37Z,https://www.youtube.com/watch?v=fftyAI46Zaw,,
easy 4 step skincare routine for teenagers (beginner friendly + affordable) #shorts,iBawwDU0R34,lilyis_,2025-03-09T16:33:00Z,https://www.youtube.com/watch?v=iBawwDU0R34,kbeauty #koreanskincare #skincareroutine #korean #skincare #koreanstyle.,
STOP Using Retinol? The Truth About Retinol & How to Use It Right! #retinol #tretinoin #skincare,GjQ7zkvrKwc,Sristy Dutta,2025-02-05T14:59:05Z,https://www.youtube.com/watch?v=GjQ7zkvrKwc,STOP Using Retinol? The Truth About Retinol & How to Use It Right!â€ â€œLSTOP USING RETINOL IMMEDIATELY!!â€â€”Wait... or ...,
Morning skincare routine for summers â˜€ï¸ #skincare #summerskincare #morningskincare #oilyskin,EuL4f9gU5WI,The Menika,2025-03-29T13:26:14Z,https://www.youtube.com/watch?v=EuL4f9gU5WI,,
"AD if you have forehead acne, watch this #shorts #skincare #skincareroutine @PacificaChannel",XGV0k-g8kHo,Frederic Chen ğŸŒ»,2025-03-20T18:05:04Z,https://www.youtube.com/watch?v=XGV0k-g8kHo,AD | stop making primers and serums that have glitter in them so help me god products linked in bio! @pacificabeauty - dreamlit ...,
Natural Australian Made Skincare for Men #formen #skincareformen #skincareroutine #naturalskincare,ZtxFu0OX2vI,Natio,2025-03-28T00:26:24Z,https://www.youtube.com/watch?v=ZtxFu0OX2vI,"Searching for fuss-free, head-to-toe men's skincare and grooming essentials that are affordable, Australian-made and easy to use ...",
Lisa Finally Reveal Her Secret Skincare Routine After 8 Years! ğŸ˜²ğŸ˜² #lisa #blackpink,5b35P6MrNhk,K-BLINK,2025-02-27T12:00:06Z,https://www.youtube.com/watch?v=5b35P6MrNhk,Lisa Finally Reveal Her Secret Skincare Routine After 8 Years! #SHORTS #KBLINKS #BLACKPINK #KPOP.,
grwm for school ğŸ§#grwm #grwmmakeup #skincare #skincareroutine  #cleangirl #aesthetic #school,r4UvHzLWPBs,Maya,2025-03-19T12:54:53Z,https://www.youtube.com/watch?v=r4UvHzLWPBs,,
what skincare to apply in your 40's | anti aging skincare over 40 | best skincare in your 40s,DdvYqdGBi1I,ZolieSkinClinic,2025-01-31T13:24:44Z,https://www.youtube.com/watch?v=DdvYqdGBi1I,,
5 must have skincare products under â‚¹500 âœ¨ğŸ‘ğŸ¼ #acneproneskin #skincareroutine #skincare,kb8_4w_dwy0,Aayushhi Rana,2025-03-17T15:51:41Z,https://www.youtube.com/watch?v=kb8_4w_dwy0,,
âœ¨Natural Makeup GlowğŸ¤©âœ¨ #Skincare #GlowingSkin #BeautyTips #yt #armpearlbeauty #trending #ytshorts,E2iSlcdEAZk,RS HOME TIPS,2025-03-25T12:00:25Z,https://www.youtube.com/watch?v=E2iSlcdEAZk,Natural Makeup glow  âœ¨ #ARM Pearl Beauty cream #BeautyEssentials #SkinCareRoutine #SpotlessSkin #review #ad #nature ...,
How to make rice toner at home #short #glowup #skincare #skincareroutine,z0Njgr76-hw,Glowzen Optimal,2025-01-22T20:25:02Z,https://www.youtube.com/watch?v=z0Njgr76-hw,,
I built the perfect skincare routine under 1000! #skincare #skincareroutine #skincareinbudget #fyp,6fDLPhLRIeU,Life of Paichu,2025-03-15T11:31:44Z,https://www.youtube.com/watch?v=6fDLPhLRIeU,,
Sara tendulkar basic skincare routineğŸ¤âœ¨#shorts #saratendulkar #skincare,hYajIaI47NI,V.Cosmetic earth,2025-02-25T11:35:23Z,https://www.youtube.com/watch?v=hYajIaI47NI,Sara tendulkar basic skincare routine  âœ¨#shorts #saratendulkar #skincare.,
How did I treat my STRAWBERRYğŸ“SKIN/KERATOSIS PILARIS? #strawberryskin,B-ZOUhiD5b8,Chetali Chadha,2025-03-17T13:18:17Z,https://www.youtube.com/watch?v=B-ZOUhiD5b8,,
Morning Skin Care Routine | Open Pores | Skin Care | Best Products For Open Pores | Urmila Nimbalkar,_ktVShX5ZiU,Urmila Nimbalkar,2025-01-13T06:50:04Z,https://www.youtube.com/watch?v=_ktVShX5ZiU,,
Easy 3 Step Skin Care Routine For Men,xidXEnuROJY,Pierre Dalati,2025-03-14T19:20:04Z,https://www.youtube.com/watch?v=xidXEnuROJY,,
Iâ€™m loving the Nivea Creme lately #skincare #skincareroutine #nivea,XbtMq35Qho8,Audrey Victoria,2025-03-16T17:10:39Z,https://www.youtube.com/watch?v=XbtMq35Qho8,,
skincare routine for pigmentation | quick skincare routine for pigmented skin | pigmentation,d18M-yRLgXo,ZolieSkinClinic,2025-02-01T13:32:36Z,https://www.youtube.com/watch?v=d18M-yRLgXo,,
My Skincare routine before gym ğŸ˜ #gym #workout #skincare,wHAo9hgJ4sM,Nikhil Anand,2025-03-16T16:32:41Z,https://www.youtube.com/watch?v=wHAo9hgJ4sM,,
Glow Up: My Daily Skincare Routineâœ¨ #shorts #skincare,3tAddZoU_VY,Adda Unlimited ,2025-03-14T07:30:01Z,https://www.youtube.com/watch?v=3tAddZoU_VY,"Glow Up: My Daily Skincare Routine âœ¨ Want glowing, healthy skin? In this video, I'm sharing my daily skincare routine that helps ...",
Affordable skincare products for teenagers #shorts #skincare,vaaqC2RmkVQ,Miss Sagarika ,2025-01-16T13:46:20Z,https://www.youtube.com/watch?v=vaaqC2RmkVQ,Affordable skincare products for teenagers #shorts #skincare * teenagers best skincare routine products | best and affordable face ...,
Anti ageing Elixir for skin #skincare #skincaretipsinhindi #antiagingsupplements #skincareroutine,tneZFZYOT9c,Preity à¤ªà¥à¤°à¥‡à¤°à¤£à¤¾,2025-03-23T09:00:08Z,https://www.youtube.com/watch?v=tneZFZYOT9c,,
current kbeauty moisturizer for damaged skin barrier I I REAL BARRIER EXTREME CREAM ORIGINAL #shorts,pLC8Yb4Oolc,lilyis_,2025-03-26T17:33:00Z,https://www.youtube.com/watch?v=pLC8Yb4Oolc,kbeauty #koreanskincare #skincareroutine #korean #skincare #koreanstyle.,
Dry skincare routine #faceserumforoilyskin #nighttimeskincareroutine #skincareroutine,sbjYgagrSys,Dr Zakia Noor,2025-03-05T19:41:40Z,https://www.youtube.com/watch?v=sbjYgagrSys,,
TALKING YOU THROUGH TONIGHT'S SKINCARE ROUTINE #SHORTS,wIYg-Io-0YM,Shalini Kutti,2025-03-15T14:53:59Z,https://www.youtube.com/watch?v=wIYg-Io-0YM,Using: 1. Dyou's inbalance 2. Madagascar centella ampoule 3. Laneige cica sleeping mask 4. Aminu's radiance face oil (affiliate ...,
THE BEST COMBO FOR ACNE SCARS!ğŸ˜± #acne #acnetreatment #skincare #skincareroutine #kbeauty #skin,ClbftNY12VE,Matt Randon,2025-03-13T19:15:02Z,https://www.youtube.com/watch?v=ClbftNY12VE,,
morning skincare routine #skincare #koreanskincareforacne #koreanbeauty #acne #mixsoon,nvnMYkRoKp4,justin,2025-01-13T06:29:54Z,https://www.youtube.com/watch?v=nvnMYkRoKp4,,
Felix skincare routineğŸ£ğŸ¤ğŸ’— #felix #straykids #stay Â©straykids,bc4nLVVtYFk,Meldaverse.___,2025-02-05T12:29:44Z,https://www.youtube.com/watch?v=bc4nLVVtYFk,,
Skincare Routine - Part 1 - Know your Skin type â¤ï¸ in tamil | @MissNithya | #skincareroutine,I_cb2GiVndQ,Miss Nithya,2025-03-13T12:00:23Z,https://www.youtube.com/watch?v=I_cb2GiVndQ,"App link : https://play.google.com/store/apps/details?id=com.fsn.nykaa . this video, I shared how to find out your skin type .",
Cream for Dark Forehead!! #skincare #skin #dark #skincareroutine #skincaretips #skincareproducts,CxQoxFh1ECQ,Dhruv Malhotra,2025-01-20T06:36:49Z,https://www.youtube.com/watch?v=CxQoxFh1ECQ,,
MY SKINCARE ROUTINE ğŸ¤­âœ¨ #preppyyyy #preppy #preppyproducts #beautyproducts #skincare #lululemon,9VyXXEdQJjU,Christi Rose,2025-01-23T23:30:02Z,https://www.youtube.com/watch?v=9VyXXEdQJjU,,
My Post Makeup SkinCare Routine âœ¨ Wait For Part 2 âœ…,DSYkk-sqH7E,Deepthi Jena Glitz,2025-01-22T11:30:10Z,https://www.youtube.com/watch?v=DSYkk-sqH7E,,
Product name is ... #cleansingoil #oilpulling #sebum #skincareroutine #orien,hQniDPkADMI,Glossy.bloxxomğŸŒ¸,2025-03-27T13:15:05Z,https://www.youtube.com/watch?v=hQniDPkADMI,,
Glowing Skin Skincare Routineâœ¨âœ… #skincare #homeremedy #glowingskin #ytshorts #shortsfeed #facepack,FOMsCQPIM5U,Sana Saifi,2025-02-19T15:05:23Z,https://www.youtube.com/watch?v=FOMsCQPIM5U,Glowing Skin Home Remedyâœ¨âœ“ #skincare #homeremedy #glowingskin #ytshorts #shortsfeed #facepack #dryskin ...,
Affordable skincare products that actually work! âœ¨#skincare #acneproneskin #skincareroutine #acne,4bSDV_HaaR8,Aayushhi Rana,2025-03-05T04:53:39Z,https://www.youtube.com/watch?v=4bSDV_HaaR8,,
The key to hydrated skin ğŸ”‘ Shop this hydrating skincare routine at hellobubble.com ğŸ’§,W6_vGXyt_JM,Bubble,2025-03-27T19:15:51Z,https://www.youtube.com/watch?v=W6_vGXyt_JM,,
Cetaphil skin care routine || cetaphil products || â¤ï¸âœ¨|| sensitive skin || letsvlogbhavya ||,_rvqRiYoxD8,Let'svlogbhavya,2025-02-08T14:08:22Z,https://www.youtube.com/watch?v=_rvqRiYoxD8,1. #Shorts 2. #YouTubeShorts 3. #Viral 4. #Trending 5. #FYP (For You Page) 1. #Shorts 2. #Trending 3. #Viral 4. #FYP (For You ...,
GLOWUP *tips for 15 - 20 years old Girls | Teenage skin care ğŸ€âœ¨ #shortvideo #skincareroutine,BxoZvb9nOg4,Sneha Raj Kaushik,2025-03-06T11:30:10Z,https://www.youtube.com/watch?v=BxoZvb9nOg4,Glowup tips for 15 - 20 year old Girls | Teenage skin care âœ¨ #skincare #glowup #shorts #youtubeshorts #howto #teenagers ...,
Haileyâ€™s Bedtime RoutineğŸ’†ğŸ»â€â™€ï¸ #haileybieber #makeup #skincare #rhode #glowingskin #skincareroutine,N9tZTUrHzAI,Haileyâ€™s Vault,2025-03-08T23:00:16Z,https://www.youtube.com/watch?v=N9tZTUrHzAI,haileybieber #hailey #glowingskin #glowyskin #glowyskincare #dewyglow #makeup #rhode #skincare #makeuplover ...,
How to Know Skin type ? #facewash #skintype #skincare #skincaretips #skincareroutine #shorts,JM1FBIYuvFg,Jovin Singh,2025-03-25T06:59:14Z,https://www.youtube.com/watch?v=JM1FBIYuvFg,,
How to Remove Dark Spots at Home? | Saint Dr. Gurmeet Ram Rahim Singh Ji Insan #shorts #skincare,I0cSaAMN8x0,Saint MSG,2025-03-24T11:30:21Z,https://www.youtube.com/watch?v=I0cSaAMN8x0,"Dreaming of that radiant, healthy glow? The secret is simpler than you think! Did you know pure, cold-processed aloe vera gel is ...",
Cosrx Snail Mucin Essence review #skincare #skincareroutine,QqLdSwjvgtg,Basitesque,2025-01-30T09:24:23Z,https://www.youtube.com/watch?v=QqLdSwjvgtg,,
Transform Your Nighttime Skincare Routine With This  #dermatologist,yZf8FB4OiT0,Dr Dray,2025-02-17T00:00:45Z,https://www.youtube.com/watch?v=yZf8FB4OiT0,"FTC: This video is not sponsored. Links are commissionable, meaning I may earn commission from purchases made through links ...",
My updated skincare routine at 30! #skincareroutine,CoZiXPz3cYg,Sarah Palmyra,2025-01-12T17:00:18Z,https://www.youtube.com/watch?v=CoZiXPz3cYg,,
how to get a whole new skincare routine this year! I Thank you for an amazing 2024 ğŸ‰  #shorts,JtcbnMr2s30,lilyis_,2025-01-04T17:33:00Z,https://www.youtube.com/watch?v=JtcbnMr2s30,douyin #korean #makeup #koreanstyle.,
Letâ€™s Glow Like Sai Pallavi Under 200 rs | Skincare Routine Under 200rs | Style With Me #glowyskin,BEL1SwaLHBc,Style With Me ,2025-03-30T11:30:04Z,https://www.youtube.com/watch?v=BEL1SwaLHBc,,
derma co kojic acid face wash #glowingskin #skincareroutine,ktyTj6KCEVQ,Try with chinnu - Skincare & beauty ,2025-03-11T08:32:44Z,https://www.youtube.com/watch?v=ktyTj6KCEVQ,pigmentation.,
Kempireâ€™s Morning Skincare Routine with Buttah?! #kempire,971SuWB76GI,K E M P I R E ğŸ˜,2025-03-09T19:00:31Z,https://www.youtube.com/watch?v=971SuWB76GI,"Sponsor: Buttah Skin ""You know I love a good glow, and that's why I've teamed up with Buttah Skin to bring you my handpicked ...",
beauty reset ğŸ§–ğŸ¼â€â™€ï¸ğŸ€ #asmr #shower #skincare #skincareroutine #haircare #haircareroutine #selfcare,Ap0WxwfT3J4,Emilia Marantos,2025-03-21T16:55:34Z,https://www.youtube.com/watch?v=Ap0WxwfT3J4,,
My morning skincare routine www.skincarebydrv.com #skincare,_Vk6-IFKcBY,Dr. Vanita Rattan ,2025-02-14T06:34:08Z,https://www.youtube.com/watch?v=_Vk6-IFKcBY,,
Simple 6 Step Skincare Routine,bQt4iD9cFMk,Skin Cupid,2025-03-26T18:00:25Z,https://www.youtube.com/watch?v=bQt4iD9cFMk,Replying to @jadatulloch8 Here's my current evening skincare routine. Focusing mostly on barrier repair and correcting dark ...,
HOW TO HEAL A DAMAGED SKIN BARRIER!ğŸ˜± (skintfic partner) #skincaretips #skincareroutine #skincare,QArZcmQoWjY,Matt Randon,2025-03-25T19:15:05Z,https://www.youtube.com/watch?v=QArZcmQoWjY,,
*simple 3-step night skincare routine for dry skin*âœ¨ğŸ¤ğŸ«§ #shorts #youtubeshorts #skincareroutine #ad,BbfMuvBzvZc,Rashi Shrivastava,2025-01-10T14:14:39Z,https://www.youtube.com/watch?v=BbfMuvBzvZc,"Unwind and pamper your skin with my go-to nighttime skincare routine! âœ¨     From a gentle cleanse to deep hydration, these ...",
My updated skincare routine ğŸŒ»ğŸ”†,ahXierxf41c,Bipasha Das,2025-03-19T05:59:58Z,https://www.youtube.com/watch?v=ahXierxf41c,This Summer Skip Heavy Moisturiser I have started using Garnier bright complete vitamin C serum for few weeks. It's lightweight ...,
SPF WITHOUT WHITECAST!ğŸ˜± #sunscreen #spf #skincareroutine #skincaretips #skincareproducts #skin,VaLpQQj4Sfc,Matt Randon,2025-03-30T01:01:03Z,https://www.youtube.com/watch?v=VaLpQQj4Sfc,,
Gold man skincare routine ğŸ’…Which color next? ğŸ©µğŸ©· #skincare #asmrskincare #asmr #skincareroutine,UkEyXaGZwY4,Lola Looks,2025-03-07T03:14:35Z,https://www.youtube.com/watch?v=UkEyXaGZwY4,,
GRWM for gym ft. my skincare routine ğŸ§´ğŸ«§ğŸ¤¸â€â™€ï¸#youtubeshorts #deconstruct #beginitwithdeconstruct,_MWutL8oI1s,Shalini Tomar,2025-03-25T10:41:42Z,https://www.youtube.com/watch?v=_MWutL8oI1s,,
Skincare| Stop Using These Products| Skincare Essentials #skincare #skincareroutine #dermatologist,qsfbZDoXoP8,ZolieSkinClinic,2025-03-30T12:30:46Z,https://www.youtube.com/watch?v=qsfbZDoXoP8,,
Summer Skincare Routine ( OILY SKIN ),BzqPJz3_0So,HEAD 2 TOE,2025-03-31T12:30:11Z,https://www.youtube.com/watch?v=BzqPJz3_0So,The Ultimate Skin Care Routine for Oily Skin Oily skin is one of the most common skin concerns. It presents some unique ...,
Donâ€™t accept what people tell youğŸ¦‹ #beauty #burnsurvivor #skincareroutine,EKxvHu9WAmM,BurnedBeauty2018 â„¢ï¸,2025-03-31T17:00:18Z,https://www.youtube.com/watch?v=EKxvHu9WAmM,Allies of Skin literally changed my life. Quality really matters when it comes to skin care. #skincare #healing #alliesofskin ...,
on JUGE la SKINCARE ROUTINE de SELENA GOMEZ ğŸ˜…ğŸ˜,Lt4UQ-CCi_4,Secret De Peau,2025-02-04T11:30:16Z,https://www.youtube.com/watch?v=Lt4UQ-CCi_4,DIAGNOSTIC DE PEAU 100% GRATUIT ET 100% PERSONALISEÌ : https://bit.ly/3fJ3m85 â¡ï¸ Nous contacter ...,
"""Glow Like Never BeforeğŸ˜ - The Perfect Skincare Routine for Luminous Skin â¤ï¸",UIMpG4qeWJ0,Beauty Tips Tamil,2025-02-10T15:36:58Z,https://www.youtube.com/watch?v=UIMpG4qeWJ0,"""My Ultimate Skincare Combo For Glowing, Radiant Skinâ€ Neutriderm is my trusted choice for effective skincare. Find these ...",
the overconsumption of skincare is crazy #skincare #skincareroutine,qDKAcxFwB_M,Audrey Victoria,2025-03-22T15:47:15Z,https://www.youtube.com/watch?v=qDKAcxFwB_M,,
Mini vlog |#minivlog #my skincare routine#learnwithpriyanshi,IOhdV82AjsM,Learn With Priyanshi,2025-02-06T08:30:07Z,https://www.youtube.com/watch?v=IOhdV82AjsM,,
Skincare Routine for Comedonal Acne #comedones  #acne #skincareroutine,9VrU3JORCLE,Dr. Ekta Patel,2025-03-13T11:30:12Z,https://www.youtube.com/watch?v=9VrU3JORCLE,,
Glass Skin set â€‹â @purito_official  .#glassskin #skincare #skincareroutine  #skinhealth #skinglow,nilBtoL9T5k,Preetyomahs World,2025-02-26T00:49:11Z,https://www.youtube.com/watch?v=nilBtoL9T5k,,
Dermatologist anti-aging night time routine #skincare #skincareroutine #dermatologist #nightroutine,GFWtslV54iU,Dr. Mark,2025-03-31T15:19:57Z,https://www.youtube.com/watch?v=GFWtslV54iU,,
Bae Jiyeon's Skincare Routine,N77HeFPi3A0,Skin Cupid,2025-03-05T18:00:27Z,https://www.youtube.com/watch?v=N77HeFPi3A0,"Ji-Yeon, we are obsessed with you!   In her latest YouTube video, we spotted her showing lot's of love for MOLVANY's Artichoke ...",
#skincare #skincareroutine #antiagingskincare #dermatologist #antiagingtreatment #skincaretips,COco5bVU8YU,Dr. Jenny Liu,2025-03-24T17:00:23Z,https://www.youtube.com/watch?v=COco5bVU8YU,FOLLOW ME! Instagram: https://www.instagram.com/derm.talk/ Tik Tok: https://www.tiktok.com/@drjennyliu. DISCLAIMER: The ...,
Open pores skin care routine| Skincare routine for open pores | Open Pores creams by dermatologist,mL_kWQIDsG4,ZolieSkinClinic,2025-02-20T14:23:54Z,https://www.youtube.com/watch?v=mL_kWQIDsG4,,
Do pimple patches work? #oddlysatisfying #pimplepopping #acneproneskin #skincare #skincareroutine,P5ODm5qOoWg,Hero Cosmetics,2025-03-14T10:00:37Z,https://www.youtube.com/watch?v=P5ODm5qOoWg,Mighty PatchTMï¸ Original absorbs gunk in 6-8 hours!,
ASMR Anti-aging Skincare Routine! #skincareroutine #antiaging #asmr,b7eSHreq0uE,Chetali Chadha,2025-03-12T11:50:19Z,https://www.youtube.com/watch?v=b7eSHreq0uE,,
ğŸâœ¨ NEW FREE GIFT for your SKINCARE ROUTINE in Avatar World! ğŸ’†â€â™€ï¸ğŸ›€,g4cccm2PxsI,Lily Game Vlog,2025-02-17T21:52:51Z,https://www.youtube.com/watch?v=g4cccm2PxsI,NEW FREE GIFT for your SKINCARE ROUTINE in Avatar World! â€â™€ï¸     Join Our Community Don't miss out on any ...,
Skin care routine,Qb-ssn8WN14,Hasan Ansari,2025-03-14T04:00:31Z,https://www.youtube.com/watch?v=Qb-ssn8WN14,"Discover the ultimate basic skincare and haircare routine that will transform your daily self-care game! In this video, I'll walk you ...",
The BEST skincare routine for acne âœ¨ğŸ‘¼ğŸ»ğŸ¤ğŸ§´ #acne #kbeauty,74r_T21hDpM,Brute Choi,2025-01-08T22:43:21Z,https://www.youtube.com/watch?v=74r_T21hDpM,The best kbeauty routine for acne prone skin.,
#skincare s#skincareroutine #selfcareglowup #morningroutine #dailyvlog,HlHcGu4tMKc,Larana ,2025-03-20T12:05:55Z,https://www.youtube.com/watch?v=HlHcGu4tMKc,,
#skincare #skincareroutine #eyepatches #skincareproducts #skincaretips #fyp #fy #bedtime #short,1RYOA5_vYB0,Claysha Moss,2025-03-07T04:34:27Z,https://www.youtube.com/watch?v=1RYOA5_vYB0,,
Step-by-step skincare routine for dry skin ğŸŒµ#kbeauty #koreanskincare #skincareroutine #skincaretips,3Ktoi0xiCjs,Jasmine Loo,2025-03-27T16:00:07Z,https://www.youtube.com/watch?v=3Ktoi0xiCjs,,
How to afford a skin care routine!,P1NzWBM0bEA,The Budget Dermatologist,2025-03-28T19:04:48Z,https://www.youtube.com/watch?v=P1NzWBM0bEA,Products in this reel Some of my favorite cleansers can *usually* be found for less than $10 Vanicream Gentle Facial ...,
Magical skin whitening pack for instant glow âœ¨ï¸#shorts #shortsfeed #skincare #skincareroutine #viral,_vPg_2Qp540,Salma's Food Corner,2025-03-13T09:27:50Z,https://www.youtube.com/watch?v=_vPg_2Qp540,,
AESTHETIC ASMR NIGHT  ROUTINE â˜ï¸ #skincareroutine #asmr #nightroutine #relatable  #aesthetic #shorts,QC0dHvi_An8,Belle ,2025-03-11T12:32:08Z,https://www.youtube.com/watch?v=QC0dHvi_An8,,
My Current Night Skincare Routine #acneproneskin #acne #skincareroutine #antiaging,Dg85VLSN0C0,Simply Jayshree,2025-02-01T16:17:34Z,https://www.youtube.com/watch?v=Dg85VLSN0C0,acneproneskin #acne #skincare #koreanglasskin #cosrx #products use.,
ğŸ«‚late night diaries #badimobaboikanyo #skincareroutine #nightroutine,8JhxcsKExN4,Badimo ba Boikanyo,2025-03-26T08:03:06Z,https://www.youtube.com/watch?v=8JhxcsKExN4,,
Night skincare routine âœ¨ï¸#skincare #skincareproducts #thatgirl #chinese #fyp #beauty #nightroutine,UqfSQ57uD-4,Chinese beauty care,2025-01-03T17:20:18Z,https://www.youtube.com/watch?v=UqfSQ57uD-4,,
Affordable Skincare | Summer Skincare Routine | Skincare under 1000| #skincare #affordableskincare,cxu8ljr90N8,ZolieSkinClinic,2025-03-28T12:33:35Z,https://www.youtube.com/watch?v=cxu8ljr90N8,,
glow up nights ğŸ©°ğŸ€ #skincare #skincareroutine #aesthetic #haircare #haircareroutine #shower,pEUkcsCp2uM,Emilia Marantos,2025-03-27T16:41:44Z,https://www.youtube.com/watch?v=pEUkcsCp2uM,,
Morning skincare routine! âœ¨ #skincare #skincareroutine #morningskincare #mensskincare #paichu #fyp,hCabkSiBGkU,Life of Paichu,2025-03-11T11:38:45Z,https://www.youtube.com/watch?v=hCabkSiBGkU,,
My Skin Care Routine ğŸ§–â€â™€ï¸ #skincareproducts #skin #drrashelproducts #onemillionviews,tjYL7xEmsqg,Life with Tharu ğŸŒ»,2025-02-12T04:04:39Z,https://www.youtube.com/watch?v=tjYL7xEmsqg,,
Dermatologist-Approved Rosacea Skincare Routine,VssLVMqz1AI,Tea with MD,2025-03-11T16:00:22Z,https://www.youtube.com/watch?v=VssLVMqz1AI,"Rosacea flare-ups? This dermatologist-approved skincare routine helps calm redness, reduce inflammation, and strengthen your ...",
Tretinoin skincare routine at 30âœ¨,cyET7iiH9yY,Shay,2025-03-02T01:15:08Z,https://www.youtube.com/watch?v=cyET7iiH9yY,I apply tretinoin 1-2x a week. I just started incorporating Obagi's skin brighteners to replace my expired hydroquinone. Hopefully it ...,
âœ¨ ZO Obagi Facial â€“ The Ultimate Skin Glow Treatment! âœ¨ | Skincare Routine & Benefits,ADAEi8KA_nc,SKINOS,2025-03-09T17:05:32Z,https://www.youtube.com/watch?v=ADAEi8KA_nc,"Discover the power of ZO Obagi Facial, a premium skincare treatment designed to rejuvenate and revitalize your skin.",
Pink medicube skincare routine! ğŸ¤©ğŸ’— #medicube #yesstyle #skincare #kbeauty,HX--PfGAzkE,YesStyle,2025-01-25T02:00:09Z,https://www.youtube.com/watch?v=HX--PfGAzkE,1130943349 - medicube AGE-R Booster Pro Pink Edition 1129886159 - medicube PDRN Pink Peptide Serum 1124066778 ...,
Skincare routine for acne prone skin #tamilskincare #skin care,ECDSxzfYkHI,LavğŸ’•,2025-02-16T03:37:43Z,https://www.youtube.com/watch?v=ECDSxzfYkHI,,
morning skin sounds ğŸŒ¤ï¸ğŸ§šğŸ¼ğŸ€ #skincare #skincareroutine #asmr #asmrsounds #morningroutine #selfcare,ETSovDMHRSQ,Emilia Marantos,2025-03-19T17:25:17Z,https://www.youtube.com/watch?v=ETSovDMHRSQ,,
#faceyogabyvibhutiarora #skincare #beauty #houseofbeautyindia #makeup #skincareroutine,DBd9uAvuNuw,House Of Beauty IndiaÂ®,2025-03-27T01:00:16Z,https://www.youtube.com/watch?v=DBd9uAvuNuw,No more juggling products - meet your all-in-one beauty solution! Our BB Cream transforms in minutes for a radiant 'Second Skin' ...,
#skincare #beauty #houseofbeautyindia  #skincareroutine  #faceyogaexercises #faceyogabyhouseofbeauty,089r67bnP3U,House Of Beauty IndiaÂ®,2025-03-20T01:00:00Z,https://www.youtube.com/watch?v=089r67bnP3U,What causes Darkness? Chemical irritants in deodorants and antiperspirants. irritation and abrasion caused by shaving.,
7 steps skin care routine for teens #skincare #glowup #shortfeed #kpop #trendingshorts #shorts,L9E5tfu5EDc,ğ™Œğ™ğ™€ğ™€ğ™‰ğ™“ğ˜¼ğ™†ğ™ğ™ƒğ™,2025-03-28T17:57:55Z,https://www.youtube.com/watch?v=L9E5tfu5EDc,,
Morning Skincare Routine #tamil #minivlog,oKwngNIZszE,Maheswari,2025-03-25T13:30:38Z,https://www.youtube.com/watch?v=oKwngNIZszE,,
Alia bhatt Skin care routine #skillinabox #fashion #fashiontrends,ZPpEkMO38Ks,Skillinabox ,2025-01-10T14:10:34Z,https://www.youtube.com/watch?v=ZPpEkMO38Ks,If you want more information related to Makeup or cosmetology then you are in the right place Enroll in our cosmetology program ...,
Watermelon rinds for glowing skin ï¿¼#skincare #skincareroutine #watermelonrind,nkEHQmLTZxg,Boiledseed,2025-03-05T14:21:37Z,https://www.youtube.com/watch?v=nkEHQmLTZxg,,
Simple Skin Care Routine for men | Mridul Madhok,9rWCBElJX3A,Mridul Madhok,2025-03-31T04:33:57Z,https://www.youtube.com/watch?v=9rWCBElJX3A,,
pre weekend reset ğŸ«§ğŸ§–ğŸ¼â€â™€ï¸ğŸ¤ #skincare #skincareroutine #haircare #haircareroutine #selfcare,X_6h_BvrjMY,Emilia Marantos,2025-03-28T17:12:48Z,https://www.youtube.com/watch?v=X_6h_BvrjMY,,
Pre-Wedding Skincare Routine for Brides | Expert Tips By Dr.Hanan Dermatologist #skincaretips,fwwlXqwB_20,Dr. Hanan Dermatology,2025-02-10T13:12:00Z,https://www.youtube.com/watch?v=fwwlXqwB_20,Pre-Wedding Skincare Routine for Brides | Expert Tips By Dr.Hanan Dermatologist To Book an Skin Care Consultation: Contact: ...,
ASMR skincare routine ğŸ€#asmr #skincare #selfcare #koreanskincare #beauty #fyp #thatgirl #glassskin,ScSGzWv4uBE,Chinese beauty care,2025-03-25T17:00:35Z,https://www.youtube.com/watch?v=ScSGzWv4uBE,,
@sheglam_official LIP CARE ROUTINEğŸ˜ğŸ‘„ #sheglam #shorts #viral #trending #sheglambubblelipscrub,ERwLYHASR14,Lindcey Beauty,2025-03-14T16:21:52Z,https://www.youtube.com/watch?v=ERwLYHASR14,,
#skincare #nighttimeskincareroutine #aesthetic #skincareroutine #selfcareglowup #beauty #dailyvlog,nEy_p5zp1J8,Larana ,2025-03-21T10:18:33Z,https://www.youtube.com/watch?v=nEy_p5zp1J8,,
girly mornings ğŸ§šğŸ¼ğŸŒ¸ğŸ€ #skincare #skincareroutine #morningroutine #selfcare #aesthetic #asmr,_O79FG8kCKA,Emilia Marantos,2025-03-13T17:10:56Z,https://www.youtube.com/watch?v=_O79FG8kCKA,,
Weekly face shave routine #faceshave #shave #skincare #routine #skincaretips #eyebrow #trimmer,a7KGgJ-vPTM,thatreview addict,2025-02-25T06:58:13Z,https://www.youtube.com/watch?v=a7KGgJ-vPTM,,
Relatable  K-Beauty 10-Step Skincare Routine,U47iB2cqajY,Skin Cupid,2025-02-14T18:00:19Z,https://www.youtube.com/watch?v=U47iB2cqajY,Okay but who can relate? Worldwide shipping Free UK shipping over Â£30 Free US shipping over $50 Free ...,
Travel skin care routine #grwm #makeup #skincare,Y6y5iwJEO7A,Fiorella,2025-03-10T18:35:57Z,https://www.youtube.com/watch?v=Y6y5iwJEO7A,Charlotte Tilbury eye patches@Tower 28 Beauty sos spray@Caudalie anti aging serum@Summer Fridays@sonsie moisture ...,
perfect skin care routine ğŸ’«ğŸ’â¤ï¸ #glowuptips #glowup #beauty,_6QgTovPMyg,Aesthetic -beauty,2025-02-09T07:45:47Z,https://www.youtube.com/watch?v=_6QgTovPMyg,,
Skin Care Routine Tutorial ğŸ”¥ğŸ’¯ğŸ¤© #shorts #beautyhacks  #makeup #skincare #learningwithnk #viral,hIkI4-AHNzU,LearningWith Nk,2025-03-23T12:30:41Z,https://www.youtube.com/watch?v=hIkI4-AHNzU,,
Skin Care Routineâ¤ï¸,IGRQs2U7HY0,Jagtap Veena,2025-02-24T03:44:02Z,https://www.youtube.com/watch?v=IGRQs2U7HY0,,
Alix Earle's Skincare Routine,SejcTs0wcnM,Skin Cupid,2025-03-29T18:00:24Z,https://www.youtube.com/watch?v=SejcTs0wcnM,"Oily & sensitive skin types, this one's for you! Alix Earle documented her appointment with her dermatologist and we took away ...",
my night time skin care routineğŸ§–â€â™€ï¸ğŸ’¤ NOT sponsored #ashortaday #skincare,aBnfYOKDtXo,Gayathri,2025-03-19T12:37:48Z,https://www.youtube.com/watch?v=aBnfYOKDtXo,,
I only do this skincare routine ONCE a week...,6AZwjtmkd0I,Rogerwh0,2025-03-31T16:00:06Z,https://www.youtube.com/watch?v=6AZwjtmkd0I,,
"Glowy Skincare Routine for hyperpigmentation, dark spots, un even skin -Glo Melanin ğŸ«§ğŸ§´",asYTQGMVqKA,Jaelyn Dae,2025-02-22T23:19:10Z,https://www.youtube.com/watch?v=asYTQGMVqKA,I love Glo Melanin's products! I've been using their products for about 8 months now and have seen a drastic change in my skin.,
My AM skincare routine âœ¨ #skincare#skincareroutine#amskincare,Kf3X5EcOFJY,Deeksha Khurana,2025-03-04T15:44:25Z,https://www.youtube.com/watch?v=Kf3X5EcOFJY,,
ASMR SKINCARE ROUTINE ğŸŒ¸ #skincare #skincareroutine #asmr #aesthetic #shorts #selfcare #glowup #fyp,XnG5V_kGN74,Belle ,2025-03-27T12:07:04Z,https://www.youtube.com/watch?v=XnG5V_kGN74,,
Try thie at homeğŸ’«#youtube #subscribe #skincare #routine#viral,KpfbVsCDVhU,X- Å¥htÃ¯Ã§ Ä“dÃ®tZ,2025-02-20T12:20:53Z,https://www.youtube.com/watch?v=KpfbVsCDVhU,,
New Skincare routine! Felt so in the moodâœ¨ğŸ˜‚ #acne #skincare #acnetreatment #skincareroutine,ozklKn60rP0,Oleksa Ley,2025-03-19T21:00:50Z,https://www.youtube.com/watch?v=ozklKn60rP0,,
My AM Skincare routine â™¥ï¸#skincare#glowingskin#shorts#ashortaday #sonalimakeover,Wk4-Xb141GU,Sonali Makeover,2025-03-23T05:19:44Z,https://www.youtube.com/watch?v=Wk4-Xb141GU,,
Skin Care at homeğŸ˜³ğŸ˜#yoga #glowup #skinbrightening #skincareroutine #skincaretips,E8Qc9oD5_JA,Shubhyogini,2025-03-04T12:45:02Z,https://www.youtube.com/watch?v=E8Qc9oD5_JA,,
Rakul Skin care routine ğŸ”¥ #shorts  #rakulpreetsingh #skincare #skincareroutine #skin #skincaretips,XxrQPjiUXRM,PodPulse,2025-03-28T08:30:16Z,https://www.youtube.com/watch?v=XxrQPjiUXRM,,
Skin care with trend ğŸ˜‰ #shuvi21 #skincareroutine #sundayfunday #trendingvideo #fyp,qLIMCknjE4g,Shivangi's Fashion,2025-01-12T12:40:00Z,https://www.youtube.com/watch?v=qLIMCknjE4g,Skin care with trend #shuvi21 #skincareroutine #sundayfunday #trendingvideo #fyp.,
Winter Skin care routineâ¤ï¸ #skincare #skincareroutine,b-tZEhxVOJM,Siyapawithgeet,2025-01-03T11:22:16Z,https://www.youtube.com/watch?v=b-tZEhxVOJM,Make sure to like the video and leave a comment Thankyou guys.,
The Dewy Day Stress Test ğŸ¤ @yepoda #kbeauty #yepoda #skincareroutine #skincarecoreana,h_-oBuEBBAQ,IlaMos ASMR,2025-03-18T13:07:28Z,https://www.youtube.com/watch?v=h_-oBuEBBAQ,,
Skin care routine #funny #nepalifoodvlog #foodblog #comedy #foodienepal,1wpTU_wtchY,Sudeep Sanjel,2025-01-27T03:34:37Z,https://www.youtube.com/watch?v=1wpTU_wtchY,,
Skin care routine of Jaya kishori credit:âœ¨ğŸ˜˜ @JayaKishoriMotivation  #skinbeautytips #shortsvideo,kxkmlr1AjSU,Official_rgmakeover,2025-01-16T12:49:27Z,https://www.youtube.com/watch?v=kxkmlr1AjSU,,
Bhuvan Bam Favourite Skin Care  #skillinabox #skincare #skincareroutine,GZSBeaR6RhQ,Skillinabox ,2025-01-18T14:10:46Z,https://www.youtube.com/watch?v=GZSBeaR6RhQ,If you want more information related to Makeup or cosmetology then you are in the right place Enroll in our cosmetology program ...,
K-Beauty Skincare Routine for Combination Skin,s2jH6-cnRdQ,Skin Cupid,2025-03-19T18:00:50Z,https://www.youtube.com/watch?v=s2jH6-cnRdQ,The most common request we get from our Cherubs is helping you start your skincare journey and building you routine. So today ...,
ğŸ§–ğŸ»â€â™€ï¸ğŸ«§ğŸ§´ğŸ’• | #aesthetic #fyp #foryou #skincare #skincareroutine #skincareproducts,t2X0ImaK00I,Sunshine,2025-03-07T09:30:21Z,https://www.youtube.com/watch?v=t2X0ImaK00I,SunshineSpirit_.,
Favourite skincare brand @hemptouch1278 ğŸ’« #pr #package #asmr #skincare #routine #vlog #morning,fSk_0MFZF2E,Lana aesthetics,2025-03-07T10:35:48Z,https://www.youtube.com/watch?v=fSk_0MFZF2E,,
Night time skincare routine part 2 #koreanskincare #shorts #slina,YsIKSz1jiZY,S Lina,2025-01-06T12:41:38Z,https://www.youtube.com/watch?v=YsIKSz1jiZY,,
ğŸŒ¸ğŸŒ¸weekly skin care routine for glowing skin  #shorts #shortsfeed #youtubeshorts,nZN3xL9IIRM,Bright shivani,2025-03-19T14:01:47Z,https://www.youtube.com/watch?v=nZN3xL9IIRM,weekly skin care routine for glowing skin #shorts #shortsfeed #youtubeshorts.,
DRUGSTORE ROUTINE 4 ACNE PRONE #acne #teen #retinol #drugstore #skincareroutine #affordableskincare,Y01JLbIfEnc,Sparklesandskin,2025-03-16T15:10:21Z,https://www.youtube.com/watch?v=Y01JLbIfEnc,Building a DRUGSTORE SKINCARE ROUTINE for ACNE PRONE SKIN! Products listed here: @CeraVe cream to foam cleanser ...,
#pcos #skincareroutine #acne #pcod #skincareroutine #faceshaving #razor,g4INcL5OAno,Aanchal Pathak,2025-01-12T10:26:10Z,https://www.youtube.com/watch?v=g4INcL5OAno,,
Dullness gone ï¿¼| Night skin care routine ï¿¼|ï¿¼ #skincare #skincareroutine #skincaretips #skin,g4mJjbC7XuI,Its.Yogita Chaudhary,2025-03-19T15:32:34Z,https://www.youtube.com/watch?v=g4mJjbC7XuI,,
Nighttime skincare routine with @naturespelluk  #skincare #routine #skin #naturespell #natural,UmZneErzPaM,Lifeofmeg,2025-01-31T11:56:40Z,https://www.youtube.com/watch?v=UmZneErzPaM,,
AM Routine for Strong Hydrated Skin! #skincareroutine,MOAoDvCIAt0,Kelly Driscoll,2025-03-05T13:15:04Z,https://www.youtube.com/watch?v=MOAoDvCIAt0,Dermstore - LA ROCHE-POSAY | Lipikar Ap+ Gentle Foaming Cleansing Oil: https://go.shopmy.us/p-13745672 Target - LA ...,
Basic skin care #shortvideo #skincareroutine #dailyskincare #healthyskin #explorepage,Q4SFdeSIohU,aarti's world,2025-02-24T03:28:37Z,https://www.youtube.com/watch?v=Q4SFdeSIohU,,
skincare routine ft. MIXSOON âœ¨ #mixsoon #mixsoonbeanessence #kbeauty #skincare #glassskin #shorts,vkyjMU_7Eg4,Kiyoko,2025-02-12T04:20:41Z,https://www.youtube.com/watch?v=vkyjMU_7Eg4,,
5 Minute Skincare Routine for Spring Glow Up #shorts,W9l50mGLgtY,New Health Finds,2025-03-06T01:11:26Z,https://www.youtube.com/watch?v=W9l50mGLgtY,all my worries go away once my skincare products come out  â€,
night routine vlog ğŸ«§ğŸ“¦#nightroutine #aesthetic #vlogaesthetic #thatgirl #skincareroutine #selfcare,-laorzNzSkA,ava mackenzie ,2025-02-20T06:26:37Z,https://www.youtube.com/watch?v=-laorzNzSkA,,
Indian Girl Glass Skincare Routine âœ¨ #glassskincare #khushbusharma,-_OqA_-fH9I,Khusbu Sharma,2025-03-18T07:26:21Z,https://www.youtube.com/watch?v=-_OqA_-fH9I,,
#skincare #routine #skin #trending #subscribe,BstAeKRcBhU,Be real,2025-03-06T08:35:50Z,https://www.youtube.com/watch?v=BstAeKRcBhU,,
Part of my Skincare Routine | WNP Nature perfection #4dhyaluronicacid #hyaluronicacid #skincare,dwkd3DKdFmo,Sara ,2025-03-15T15:50:31Z,https://www.youtube.com/watch?v=dwkd3DKdFmo,Never done Botox or fillers in my life. #skininfluencer #skinbeauty #skinpositivity #skinpro #skinbetter.,
Skincare routine ğŸŒŸ|| collab w/ â€‹â @muchluvkaren #aesthetic #blowup #shorts #fyp #skincare #asmr,ZEDK05vwcmc,Lylah Young,2025-03-15T16:50:05Z,https://www.youtube.com/watch?v=ZEDK05vwcmc,,
Korean skincare routine for clear and dark spots  | Dark skin approved ğŸŒƒ #clearskin #darkspots,YH2WvMNJzlg,Zeenat Ish ,2025-01-29T08:00:25Z,https://www.youtube.com/watch?v=YH2WvMNJzlg,"Simple Night time skincare routine for clear skin, hyperpigmentation and dark spots with mostly Korean skincare products that ...",
A gloomy skincare day ğŸ§¼ğŸŒº#selfcare #selflove #thatgirl #skincareroutine #vlogmas  #morningroutine,gC5-0iWM2Bo,Shinhoco ,2025-03-23T15:05:37Z,https://www.youtube.com/watch?v=gC5-0iWM2Bo,A gloomy skincare day #selfcare #selflove #thatgirl #skincareroutine #vlogmas #morningroutine.,
Morning skincare routine #AD @clarinsofficial #doubleserum is iconic available @Sephora,FIaDK9SuRuU,IAMKARENO,2025-03-16T16:55:29Z,https://www.youtube.com/watch?v=FIaDK9SuRuU,,
Night Skincare Routine for Acne Scars âœ¨ #shorts,2d19ExAik98,Vartika Singh,2025-03-17T06:22:00Z,https://www.youtube.com/watch?v=2d19ExAik98,,
#skincare #skincareroutine #dermatologistskincare #skincaretips #dermatologist #skincareproducts,ijulQslske4,Dr. Jenny Liu,2025-03-17T17:00:48Z,https://www.youtube.com/watch?v=ijulQslske4,FOLLOW ME! Instagram: https://www.instagram.com/derm.talk/ Tik Tok: https://www.tiktok.com/@drjennyliu. DISCLAIMER: The ...,
Glow and lovely gel cream #skincare #routine,QOjsF7U4QAE,Shruti Mishra,2025-01-22T18:12:07Z,https://www.youtube.com/watch?v=QOjsF7U4QAE,,
stay consistent with your skincare routine and you WILL see results #skincare #koreanskincare,7mTBd48hHyQ,Javul Javi,2025-03-16T15:22:45Z,https://www.youtube.com/watch?v=7mTBd48hHyQ,,
How hot girls achieve their glass skinâœ¨#mixsoon #beanessence #beancream #skincareroutine,pK7z9LabLWs,Caper SCare,2025-01-02T07:54:58Z,https://www.youtube.com/watch?v=pK7z9LabLWs,"Warning: (Video uploaded by Fan of Casper) No sales, no advertising, no sharing of other content. For any contact, please contact ...",
Current Face Care Routine ğŸ’†ğŸ§´ğŸ§½. #howtobecomeahighvalueman #skincare #skincareroutine #facecare,KkOJSO-7oek,Ndoyisile_n,2025-02-10T17:00:18Z,https://www.youtube.com/watch?v=KkOJSO-7oek,,
A Skincare Routine Thatâ€™s Actually Working ğŸ¥°,oUCCyOCqo6U,Arpita Ghoshal,2025-03-21T07:41:00Z,https://www.youtube.com/watch?v=oUCCyOCqo6U,"AD #wishcare #vitaminc Struggling with dark spots acne scars pigmentation!? I've been there, and I know how frustrating it is ...",
#skincare #faceyogabyvibhutiarora #faceexercises #houseofbeautyindia #beauty #skincareroutine,V2TeVrXa9aI,House Of Beauty IndiaÂ®,2025-03-09T01:00:24Z,https://www.youtube.com/watch?v=V2TeVrXa9aI,"moonlight._.musings your review, pictures and voice note are invaluable for us! Look at the glow â¤ï¸  Comment â€œGlowâ€ ...",
Skincare vanity! â€‹#skincare  #beautyproducts #vanity #skincareroutine,bRlFU6pUuKE,zoemordas,2025-01-24T23:17:52Z,https://www.youtube.com/watch?v=bRlFU6pUuKE,,
Skin care routine ğŸ©· #drunkelephant #drunkelephantgiftedme #skincare #skincareroutine,iou3-0FiydA,Anna Woodring,2025-03-18T18:04:46Z,https://www.youtube.com/watch?v=iou3-0FiydA,Skin care routine #drunkelephant #drunkelephantgiftedme #skincare #skincareroutine #cleangirlaesthetic #foryoupage #fyp.,
Morning skin care routineâœ¨ğŸ«§#safae_beauty #skincare #Ø§Ù„Ø¹Ù†Ø§ÙŠØ©_Ø¨Ø§Ù„Ø¨Ø´Ø±Ø©,1GC_yraScoE,safae_ beauty,2025-03-11T21:51:56Z,https://www.youtube.com/watch?v=1GC_yraScoE,,
I love this routine to exfoliate my skin #glasskin #koreanskincare #shorts #slina,flTtyx1X6SM,S Lina,2025-02-06T13:57:51Z,https://www.youtube.com/watch?v=flTtyx1X6SM,,
"New Year Glow Up | The Perfect Routine for Bright, Beautiful Skinâœ¨ #SkincareRoutine #GlowingSkin #US",rD3mTqwRZ-g,Judith Nwaigwe,2025-01-02T20:09:17Z,https://www.youtube.com/watch?v=rD3mTqwRZ-g,Viral #Shorts.,
My Simple Skincare Routine#fyp#tiktok#skincare#morningroutine#clearskin#glowup#hack#subscribe,ROpZp4Ek6hM,dahliana,2025-03-03T20:02:50Z,https://www.youtube.com/watch?v=ROpZp4Ek6hM,,
