No.,URL
1,https://www.youtube.com/watch?v=618hcAoFvAA
2,https://www.youtube.com/watch?v=uTzMEYyHiEA
3,https://www.youtube.com/watch?v=os-mDszz1HE
4,https://www.youtube.com/watch?v=I26bENaXaUY
5,https://www.youtube.com/watch?v=P2AljjrOFNI
6,https://www.youtube.com/watch?v=kCnLVrG9mUA
7,https://www.youtube.com/watch?v=fmNLLybJxtc
8,https://www.youtube.com/watch?v=bvQqvT23Kaw
9,https://www.youtube.com/watch?v=v2_JmYCyxLQ
10,https://www.youtube.com/watch?v=A3LVGMoHUr8
11,https://www.youtube.com/watch?v=HD3eefgQP1c
12,https://www.youtube.com/watch?v=FWcVwwWnvBE
13,https://www.youtube.com/watch?v=pFeow-gvq5E
14,https://www.youtube.com/watch?v=-2n0a7slDOA
15,https://www.youtube.com/watch?v=Ya3BQy01HwY
16,https://www.youtube.com/watch?v=GgTQuEEwanM
17,https://www.youtube.com/watch?v=uvxlhR33gAY
18,https://www.youtube.com/watch?v=UPwR-9Yw4SE
19,https://www.youtube.com/watch?v=Mqma109hvEg
20,https://www.youtube.com/watch?v=X4V_nSdYhAQ
21,https://www.youtube.com/watch?v=Ek8r6qPfrHE
22,https://www.youtube.com/watch?v=v-vxMXzoQ1I
23,https://www.youtube.com/watch?v=i6HvqqP8SP0
24,https://www.youtube.com/watch?v=161WNL-PvUY
25,https://www.youtube.com/watch?v=pwu7hUMO4JE
26,https://www.youtube.com/watch?v=MqF7Ufr-msA
27,https://www.youtube.com/watch?v=etI5dMCH4zU
28,https://www.youtube.com/watch?v=tunH8f_L7I0
29,https://www.youtube.com/watch?v=594i23cYXms
30,https://www.youtube.com/watch?v=lwLBQkzSvpc
31,https://www.youtube.com/watch?v=MREs4PKm-Jc
32,https://www.youtube.com/watch?v=JjY-Vz2suCg
33,https://www.youtube.com/watch?v=SZSD2Y9133s
34,https://www.youtube.com/watch?v=MU_onvTZW80
35,https://www.youtube.com/watch?v=mPEgHJagAl8
36,https://www.youtube.com/watch?v=LnRMaXB1Ubo
37,https://www.youtube.com/watch?v=7223xKP6Bwo
38,https://www.youtube.com/watch?v=Wap0TeqPKQ0
39,https://www.youtube.com/watch?v=GcIt0A6ivDQ
40,https://www.youtube.com/watch?v=JlU16TbzYKo
41,https://www.youtube.com/watch?v=acJslge-UVI
42,https://www.youtube.com/watch?v=stRTfTZYM2g
43,https://www.youtube.com/watch?v=CWKXhQMs56U
44,https://www.youtube.com/watch?v=DBA_vog1kS8
45,https://www.youtube.com/watch?v=FnFmkaH8Lvw
46,https://www.youtube.com/watch?v=AJ8dfT1KI0E
47,https://www.youtube.com/watch?v=mG9KVFrNB0M
48,https://www.youtube.com/watch?v=oHaPBODo9sM
49,https://www.youtube.com/watch?v=_VRu3ekhV0w
50,https://www.youtube.com/watch?v=IiPG6WCVSJs
51,https://www.youtube.com/watch?v=4G1ZPw_knbc
52,https://www.youtube.com/watch?v=alBAk5rtvbI
53,https://www.youtube.com/watch?v=6rNQG2xilGE
54,https://www.youtube.com/watch?v=-1veTQF5G8s
55,https://www.youtube.com/watch?v=Vk9Nhhd4m8Q
56,https://www.youtube.com/watch?v=ySMNU6RQP7M
57,https://www.youtube.com/watch?v=8ZPzFU9hiEw
58,https://www.youtube.com/watch?v=Pqa3xI0p3as
59,https://www.youtube.com/watch?v=f6XBBsPCjP0
60,https://www.youtube.com/watch?v=1U1ZspGzvq0
61,https://www.youtube.com/watch?v=-QgtaIawsEw
62,https://www.youtube.com/watch?v=J4eShSiAX5I
63,https://www.youtube.com/watch?v=Q0xE8wp_UCc
64,https://www.youtube.com/watch?v=2hrvtPgrY-o
65,https://www.youtube.com/watch?v=HlNJEALhalU
66,https://www.youtube.com/watch?v=uE6aXOHIEJI
67,https://www.youtube.com/watch?v=HVCp7EREvls
68,https://www.youtube.com/watch?v=wSSRXQCwxWo
69,https://www.youtube.com/watch?v=e5uLv-rQItc
70,https://www.youtube.com/watch?v=UjGG0GOD5Js
71,https://www.youtube.com/watch?v=HqK2BPDLBGE
72,https://www.youtube.com/watch?v=Tdf61rIgORw
73,https://www.youtube.com/watch?v=UhmcHaEQVoY
74,https://www.youtube.com/watch?v=AGAK3_ylMN4
75,https://www.youtube.com/watch?v=nGCqqFf3GL8
76,https://www.youtube.com/watch?v=AjSo2QwPDUk
77,https://www.youtube.com/watch?v=gHTYePiUIU0
78,https://www.youtube.com/watch?v=iGbNTUiuEGg
79,https://www.youtube.com/watch?v=SONQ-rO0gzY
80,https://www.youtube.com/watch?v=SqNG1XthT6s
81,https://www.youtube.com/watch?v=yWckk7dJM-s
82,https://www.youtube.com/watch?v=djAjmY0j75w
83,https://www.youtube.com/watch?v=197wsmuQCgE
84,https://www.youtube.com/watch?v=xeF0eiH_UBA
85,https://www.youtube.com/watch?v=34CRvPSQ-wY
86,https://www.youtube.com/watch?v=uf4z6y7m-Po
87,https://www.youtube.com/watch?v=JdYLCrhG4II
88,https://www.youtube.com/watch?v=77YLa6oP0nw
89,https://www.youtube.com/watch?v=WSpmpqrgoLw
90,https://www.youtube.com/watch?v=J7hzCYhMgYs
91,https://www.youtube.com/watch?v=KERg7JgF1MM
92,https://www.youtube.com/watch?v=_YV6t4T2qoU
93,https://www.youtube.com/watch?v=nus13bFmwqU
94,https://www.youtube.com/watch?v=rcamgdUhn5s
95,https://www.youtube.com/watch?v=6rC8G01rBFk
96,https://www.youtube.com/watch?v=__4N-wujMlM
97,https://www.youtube.com/watch?v=PoG9--cNhRg
98,https://www.youtube.com/watch?v=DyuuseIO7W4
99,https://www.youtube.com/watch?v=Yc5Dt0AF__I
100,https://www.youtube.com/watch?v=vSsVD02h3Zs
101,https://www.youtube.com/watch?v=V4yeddKoWSA
102,https://www.youtube.com/watch?v=9J_4HSOf7uk
103,https://www.youtube.com/watch?v=EmQyic9-myI
104,https://www.youtube.com/watch?v=1TI9RWb-g88
105,https://www.youtube.com/watch?v=JhL6PkrbL3M
106,https://www.youtube.com/watch?v=bQhOVa-Ci1o
107,https://www.youtube.com/watch?v=_NlK1SqiM0g
108,https://www.youtube.com/watch?v=zRU9uluvfhg
109,https://www.youtube.com/watch?v=ePKn408bayk
110,https://www.youtube.com/watch?v=5eQchm5H1hA
111,https://www.youtube.com/watch?v=sNWxjoygcvs
112,https://www.youtube.com/watch?v=SmYx1_kKDD4
113,https://www.youtube.com/watch?v=KDccJZ_D7CQ
114,https://www.youtube.com/watch?v=LUWaER5_8Nc
115,https://www.youtube.com/watch?v=hwFZ2aiWMg0
116,https://www.youtube.com/watch?v=E_ed5uWfexI
117,https://www.youtube.com/watch?v=zmlrlO3W7SY
118,https://www.youtube.com/watch?v=U4LIBCKgmlM
119,https://www.youtube.com/watch?v=erYKTRZRaFc
120,https://www.youtube.com/watch?v=fhu1WHJuQ4c
121,https://www.youtube.com/watch?v=u2zmhRsmrPI
122,https://www.youtube.com/watch?v=jNPkGHqmmaA
123,https://www.youtube.com/watch?v=u9Ae2JSNjRo
124,https://www.youtube.com/watch?v=xLsiSztxzRI
125,https://www.youtube.com/watch?v=SI0eetPLJ5c
126,https://www.youtube.com/watch?v=fGxxmRzjIeM
127,https://www.youtube.com/watch?v=Rh4K7CtsFkQ
128,https://www.youtube.com/watch?v=iqtZQXaDj3c
129,https://www.youtube.com/watch?v=bqkq5uFA4uM
130,https://www.youtube.com/watch?v=GxkfA2Zdd-M
131,https://www.youtube.com/watch?v=4-P1beS7vRw
132,https://www.youtube.com/watch?v=pczkIcqMAU0
133,https://www.youtube.com/watch?v=ZAj3AQpzO9E
134,https://www.youtube.com/watch?v=emVWHIx9R_k
135,https://www.youtube.com/watch?v=HsKbcQ1aKw0
136,https://www.youtube.com/watch?v=YptXbd_EHZA
137,https://www.youtube.com/watch?v=Jh1LluHOG8A
138,https://www.youtube.com/watch?v=_hKIku_ih3c
139,https://www.youtube.com/watch?v=IRBF_S2o278
140,https://www.youtube.com/watch?v=R3EgsezrVAo
141,https://www.youtube.com/watch?v=GLk_K8m6kUc
142,https://www.youtube.com/watch?v=hbIlN_tVq2s
143,https://www.youtube.com/watch?v=NUkgDLD3IkE
144,https://www.youtube.com/watch?v=Rr0e6QHuI0s
145,https://www.youtube.com/watch?v=DzhrcuzQmOg
146,https://www.youtube.com/watch?v=XJI3DfRR-qs
147,https://www.youtube.com/watch?v=_qsgIskwygE
148,https://www.youtube.com/watch?v=4qVxn0ZFv5w
149,https://www.youtube.com/watch?v=1eCu7V5m6Mw
150,https://www.youtube.com/watch?v=qtL5z2hS5CE
151,https://www.youtube.com/watch?v=_4r7HwklBRE
152,https://www.youtube.com/watch?v=-dTRVrI-OyI
153,https://www.youtube.com/watch?v=xF7C9eLlg0A
154,https://www.youtube.com/watch?v=vQ7GhGrdwe0
155,https://www.youtube.com/watch?v=uQvTcfTrzKg
156,https://www.youtube.com/watch?v=-hXOM70p2aU
157,https://www.youtube.com/watch?v=ISRG13F_8gI
158,https://www.youtube.com/watch?v=eeWhNypwBp8
159,https://www.youtube.com/watch?v=KAwKMByNTwk
160,https://www.youtube.com/watch?v=rDp84X1_PzU
161,https://www.youtube.com/watch?v=BIill7C73RI
162,https://www.youtube.com/watch?v=YnJ5lcSCvsw
163,https://www.youtube.com/watch?v=bE06XsH9PWo
164,https://www.youtube.com/watch?v=gvA_R_qYiJ0
165,https://www.youtube.com/watch?v=DFo5r5iuzb0
166,https://www.youtube.com/watch?v=Gszlr-LXLcg
167,https://www.youtube.com/watch?v=6NSY_u9lTTA
168,https://www.youtube.com/watch?v=i1d2yUZyaXg
169,https://www.youtube.com/watch?v=IRwbS025m_E
170,https://www.youtube.com/watch?v=sBBGx8U2LOk
171,https://www.youtube.com/watch?v=WvJw0l7vl5g
172,https://www.youtube.com/watch?v=uuusyalsg24
173,https://www.youtube.com/watch?v=kE0DfCRNI7Q
174,https://www.youtube.com/watch?v=Ysu0Y_PF0lg
175,https://www.youtube.com/watch?v=1jsHi7LU470
176,https://www.youtube.com/watch?v=RaJui6Nq5qw
177,https://www.youtube.com/watch?v=I2F3PFOD7XM
178,https://www.youtube.com/watch?v=KJLx6hqkib0
179,https://www.youtube.com/watch?v=TLLx_kVLMtc
180,https://www.youtube.com/watch?v=nMxai6z3FVs
181,https://www.youtube.com/watch?v=M_aQO7KSa8A
182,https://www.youtube.com/watch?v=qQh3N2_eCik
183,https://www.youtube.com/watch?v=cClACEKAiHI
184,https://www.youtube.com/watch?v=DtaA0eis3ZA
185,https://www.youtube.com/watch?v=ELH0p4c3Kx0
186,https://www.youtube.com/watch?v=6uEXAQDhZUU
187,https://www.youtube.com/watch?v=NEeNU-uT88o
188,https://www.youtube.com/watch?v=S32qZuH8vRw
189,https://www.youtube.com/watch?v=Ur64gTRjH9g
190,https://www.youtube.com/watch?v=vL9vZ6O-on8
191,https://www.youtube.com/watch?v=EeLBB4rJHaQ
192,https://www.youtube.com/watch?v=ornbapcrc4I
193,https://www.youtube.com/watch?v=gcddQD6_dBg
194,https://www.youtube.com/watch?v=HwDJOd86pJU
195,https://www.youtube.com/watch?v=VJtkt1_wFTU
196,https://www.youtube.com/watch?v=uGsNvaPRZ2g
197,https://www.youtube.com/watch?v=gL882Tl2UP4
198,https://www.youtube.com/watch?v=Xedswq1SXhE
199,https://www.youtube.com/watch?v=GI82tePlS30
200,https://www.youtube.com/watch?v=1BO59gR1W8U
201,https://www.youtube.com/watch?v=c8sZgPeIRyY
202,https://www.youtube.com/watch?v=IpBWPlKCgoE
203,https://www.youtube.com/watch?v=XmBZu176BS4
204,https://www.youtube.com/watch?v=ky-1yK2eqko
205,https://www.youtube.com/watch?v=AQT0jR7DlMc
206,https://www.youtube.com/watch?v=1j7dNHT5eIA
207,https://www.youtube.com/watch?v=5C-3ZFLQtlQ
208,https://www.youtube.com/watch?v=IhJKBFVCMTI
209,https://www.youtube.com/watch?v=I_S7QhWptBk
210,https://www.youtube.com/watch?v=PwitFjtFwmY
211,https://www.youtube.com/watch?v=HexZfWDUa5o
212,https://www.youtube.com/watch?v=TonzGaKpaUQ
213,https://www.youtube.com/watch?v=RIhxZOJG_2k
214,https://www.youtube.com/watch?v=cm85BWqLt3E
215,https://www.youtube.com/watch?v=vfQt896MO0o
216,https://www.youtube.com/watch?v=KwsBZUJrOa4
217,https://www.youtube.com/watch?v=_6xL3Easats
218,https://www.youtube.com/watch?v=lTwrtJnjYJQ
219,https://www.youtube.com/watch?v=bLssX_7ha3w
220,https://www.youtube.com/watch?v=18ITtzr2ZLM
221,https://www.youtube.com/watch?v=aIVX8wRI2JI
222,https://www.youtube.com/watch?v=n9gtA3DYi3c
223,https://www.youtube.com/watch?v=91RhRWKezC8
224,https://www.youtube.com/watch?v=uVU_QqRvme4
225,https://www.youtube.com/watch?v=iE0x0chbkCU
226,https://www.youtube.com/watch?v=8w5JAEhHIw8
227,https://www.youtube.com/watch?v=ULCqE045ux0
228,https://www.youtube.com/watch?v=6vXWlwbzIE8
229,https://www.youtube.com/watch?v=jSTJCq9w5j0
230,https://www.youtube.com/watch?v=JIGSfUw3LpY
231,https://www.youtube.com/watch?v=go5Pm-g6Jho
232,https://www.youtube.com/watch?v=nZyR-ib_rpc
233,https://www.youtube.com/watch?v=pQgaNVjUft4
234,https://www.youtube.com/watch?v=tyvATz5xFn8
235,https://www.youtube.com/watch?v=j9FJh3rEOAw
236,https://www.youtube.com/watch?v=L9dpQZ-mGZ8
237,https://www.youtube.com/watch?v=hpX4dGecPl0
238,https://www.youtube.com/watch?v=e1PUqT2x95w
239,https://www.youtube.com/watch?v=69Demd65yCg
240,https://www.youtube.com/watch?v=m8JejEC6P6M
241,https://www.youtube.com/watch?v=lJrHo0leDyM
242,https://www.youtube.com/watch?v=Ex9XkextLB0
243,https://www.youtube.com/watch?v=5qNtiQqkUuA
244,https://www.youtube.com/watch?v=DaMImcq3vLg
245,https://www.youtube.com/watch?v=dwMsRF1G_Vg
246,https://www.youtube.com/watch?v=BsTjYqkLKcI
247,https://www.youtube.com/watch?v=p3jRSKAWrUI
248,https://www.youtube.com/watch?v=YGmJASlpbA0
249,https://www.youtube.com/watch?v=IUZ_pMdBveI
250,https://www.youtube.com/watch?v=9x43j7PnZEo
251,https://www.youtube.com/watch?v=h213layiTR4
252,https://www.youtube.com/watch?v=lo-fVguyM3w
253,https://www.youtube.com/watch?v=eV-lpzwMiqM
254,https://www.youtube.com/watch?v=64un413Ff2A
255,https://www.youtube.com/watch?v=aJGH_7gVA_w
256,https://www.youtube.com/watch?v=T98vOthy5A8
257,https://www.youtube.com/watch?v=h4fJvg9xMxw
258,https://www.youtube.com/watch?v=gUMEY4_87cs
259,https://www.youtube.com/watch?v=EqjGBRaPIhY
260,https://www.youtube.com/watch?v=mHRU1gjYxl4
261,https://www.youtube.com/watch?v=VEsmieclDo8
262,https://www.youtube.com/watch?v=Z5jasy4pw7c
263,https://www.youtube.com/watch?v=FvXXYir5tIk
264,https://www.youtube.com/watch?v=LvIMGg10jc4
265,https://www.youtube.com/watch?v=ACSWQBLLLGU
266,https://www.youtube.com/watch?v=jPqOJLOpQJM
267,https://www.youtube.com/watch?v=a8O6nkpvRMQ
268,https://www.youtube.com/watch?v=tKcTd06Vw-w
269,https://www.youtube.com/watch?v=2kF2HYl0DT0
270,https://www.youtube.com/watch?v=WmaZkHdfa7M
271,https://www.youtube.com/watch?v=_1fmQI6J35w
272,https://www.youtube.com/watch?v=HrEQMEE67ik
273,https://www.youtube.com/watch?v=hpIiSXnGCNs
274,https://www.youtube.com/watch?v=vqNSU8utRz8
275,https://www.youtube.com/watch?v=aLFBS6CwqO8
276,https://www.youtube.com/watch?v=2j37442_-s0
277,https://www.youtube.com/watch?v=qQvT-aDytfk
278,https://www.youtube.com/watch?v=kOc1jaWjoyA
279,https://www.youtube.com/watch?v=DGUqyceX_4c
280,https://www.youtube.com/watch?v=IaHlziIy8Ck
281,https://www.youtube.com/watch?v=GkuEa4syDDA
282,https://www.youtube.com/watch?v=83igfswzVlo
283,https://www.youtube.com/watch?v=eoXPSwhpbH8
284,https://www.youtube.com/watch?v=dbtiMA1gHhw
285,https://www.youtube.com/watch?v=UgO_d80FwV0
286,https://www.youtube.com/watch?v=AJrcuGeUONk
287,https://www.youtube.com/watch?v=a_JA2xFjuuk
288,https://www.youtube.com/watch?v=oIghofJEB_I
289,https://www.youtube.com/watch?v=Xgm3-negGd8
290,https://www.youtube.com/watch?v=96mBHNY1mzg
291,https://www.youtube.com/watch?v=kTIc3KdZX-o
292,https://www.youtube.com/watch?v=ObqrU96TwKo
293,https://www.youtube.com/watch?v=F6lDydMBDeI
294,https://www.youtube.com/watch?v=iYkch2ZsV_0
295,https://www.youtube.com/watch?v=DHaHiqCoPx0
296,https://www.youtube.com/watch?v=tvXp7Z09ZEQ
297,https://www.youtube.com/watch?v=oaPfzo-g68w
298,https://www.youtube.com/watch?v=DoBSqZ5gPq8
299,https://www.youtube.com/watch?v=sfpFRX2afXQ
300,https://www.youtube.com/watch?v=jbxLBtsnYrA
301,https://www.youtube.com/watch?v=WuxQ0uHEXNU
302,https://www.youtube.com/watch?v=0eDmAoqgGPY
303,https://www.youtube.com/watch?v=q-qXPEwan0c
304,https://www.youtube.com/watch?v=E38FjFugv7s
305,https://www.youtube.com/watch?v=EFS0ntBkHM4
306,https://www.youtube.com/watch?v=ojHCXgVjHK4
307,https://www.youtube.com/watch?v=MZLZJ2GETT0
308,https://www.youtube.com/watch?v=CgKTUA49oZs
309,https://www.youtube.com/watch?v=DkQQKjenwZs
310,https://www.youtube.com/watch?v=dVElAl_eCj0
311,https://www.youtube.com/watch?v=vgBvrqUfFFE
312,https://www.youtube.com/watch?v=p1hnvHo-VB4
313,https://www.youtube.com/watch?v=W5-zF56Upe0
314,https://www.youtube.com/watch?v=w_WQ7v_oTx8
315,https://www.youtube.com/watch?v=r6W8JJmh0G0
316,https://www.youtube.com/watch?v=8m8ikxk31bE
317,https://www.youtube.com/watch?v=rT8GKwk4Kx4
318,https://www.youtube.com/watch?v=8M6dOThhJKo
319,https://www.youtube.com/watch?v=vpj7qHehgyg
320,https://www.youtube.com/watch?v=_vPg_2Qp540
321,https://www.youtube.com/watch?v=j3oR8Rzua88
322,https://www.youtube.com/watch?v=QnMn8F57gu0
323,https://www.youtube.com/watch?v=ciifUX-uN_s
324,https://www.youtube.com/watch?v=-wCZ4ElD3AI
325,https://www.youtube.com/watch?v=SRCSSVsl-K8
326,https://www.youtube.com/watch?v=pLd060Nvl6w
327,https://www.youtube.com/watch?v=11SyBk8yQHs
328,https://www.youtube.com/watch?v=XXExuQkFzGs
329,https://www.youtube.com/watch?v=GCNXY8GE1dU
330,https://www.youtube.com/watch?v=GMTWu-zbG7Q
331,https://www.youtube.com/watch?v=eDfcJsnI2eU
332,https://www.youtube.com/watch?v=NCJ-riL02_g
333,https://www.youtube.com/watch?v=Zb7pUDpGCUs
334,https://www.youtube.com/watch?v=cWAqjNRgGpM
335,https://www.youtube.com/watch?v=mopgbDjN7UA
336,https://www.youtube.com/watch?v=rjfw-N8nJCM
337,https://www.youtube.com/watch?v=8mOV3HyTJrc
338,https://www.youtube.com/watch?v=Y8rmy9zV0QI
339,https://www.youtube.com/watch?v=0A3tdeMkqrs
340,https://www.youtube.com/watch?v=E0__-Nu3PCg
341,https://www.youtube.com/watch?v=gyj1v7GJh0g
342,https://www.youtube.com/watch?v=ZfyWWGB_Fn4
343,https://www.youtube.com/watch?v=9bg-tZt_238
344,https://www.youtube.com/watch?v=cDF9yZAtsAk
345,https://www.youtube.com/watch?v=Ycj6oetttoQ
346,https://www.youtube.com/watch?v=7kn4hgTDOco
347,https://www.youtube.com/watch?v=t_e7DhTgFII
348,https://www.youtube.com/watch?v=2hjGRPiZpnE
349,https://www.youtube.com/watch?v=cE20_PRuLik
350,https://www.youtube.com/watch?v=DeylfhBHMMo
351,https://www.youtube.com/watch?v=5bX8UG7GamA
352,https://www.youtube.com/watch?v=q5mKmNo5SSU
353,https://www.youtube.com/watch?v=5E3uKSJZTmA
354,https://www.youtube.com/watch?v=kMbEikQ9vUM
355,https://www.youtube.com/watch?v=9mKPQ67yHWs
356,https://www.youtube.com/watch?v=dokVqrjlTT0
357,https://www.youtube.com/watch?v=EvDszTcFKLM
358,https://www.youtube.com/watch?v=oYSpB3gKnPY
359,https://www.youtube.com/watch?v=2i8jR30CaZ4
360,https://www.youtube.com/watch?v=Ei_DUYmHAss
361,https://www.youtube.com/watch?v=bLYvsjNyjME
362,https://www.youtube.com/watch?v=A7gcW4xd7jU
363,https://www.youtube.com/watch?v=aiop85pyuBo
364,https://www.youtube.com/watch?v=1JRaDQmXRBs
365,https://www.youtube.com/watch?v=u01jR9IsaMU
366,https://www.youtube.com/watch?v=4wVogfeDK4A
367,https://www.youtube.com/watch?v=gcfmkmnVFng
368,https://www.youtube.com/watch?v=6ZALvrScajk
369,https://www.youtube.com/watch?v=pdNDsBc9oTQ
370,https://www.youtube.com/watch?v=POaZWtN_Xg0
371,https://www.youtube.com/watch?v=w6Jv09pwW8U
372,https://www.youtube.com/watch?v=Tepj8NH8p_k
373,https://www.youtube.com/watch?v=IgHNYorfOwM
374,https://www.youtube.com/watch?v=PEOn-OHbe0k
375,https://www.youtube.com/watch?v=aeImg5-e2Rs
376,https://www.youtube.com/watch?v=Y3KYof62A40
377,https://www.youtube.com/watch?v=wkZOU1LFMQg
378,https://www.youtube.com/watch?v=hqEgS1_gCVM
379,https://www.youtube.com/watch?v=HTxuvnRlRYQ
380,https://www.youtube.com/watch?v=RCDQwqYzfCA
381,https://www.youtube.com/watch?v=VEzEQm5WYYk
382,https://www.youtube.com/watch?v=ZOZijqTxOnk
383,https://www.youtube.com/watch?v=8M30tc-Y2IY
384,https://www.youtube.com/watch?v=AbPIXYiDWto
385,https://www.youtube.com/watch?v=TRK0ieJdgEI
386,https://www.youtube.com/watch?v=3T0DsuTVEmQ
387,https://www.youtube.com/watch?v=n31cTTx2KdM
388,https://www.youtube.com/watch?v=aY-wibYQ3X4
389,https://www.youtube.com/watch?v=bjFWmG053s8
390,https://www.youtube.com/watch?v=PrQm7Vtbf2E
391,https://www.youtube.com/watch?v=xXbKEjdGX_4
392,https://www.youtube.com/watch?v=qfGmTuW-wis
393,https://www.youtube.com/watch?v=0-qUms4h5fE
394,https://www.youtube.com/watch?v=CvUNk9s3jW0
395,https://www.youtube.com/watch?v=hG1wCxN7YVg
396,https://www.youtube.com/watch?v=882v-FVYML8
397,https://www.youtube.com/watch?v=XQdxTJOgpcM
398,https://www.youtube.com/watch?v=c8lpUPZOLqI
399,https://www.youtube.com/watch?v=ZpmheZ0tMUE
400,https://www.youtube.com/watch?v=MLTKxWIZi-g
401,https://www.youtube.com/watch?v=QVkMFqS0jb4
402,https://www.youtube.com/watch?v=ncE3opy4SvE
403,https://www.youtube.com/watch?v=u683Xn-Yp68
404,https://www.youtube.com/watch?v=7X2JrPkvn7Y
405,https://www.youtube.com/watch?v=M_iqfhJ7_JY
406,https://www.youtube.com/watch?v=y0LOaSmKjjM
407,https://www.youtube.com/watch?v=YIUcz-0uDCo
408,https://www.youtube.com/watch?v=dS_8tCb4s8Q
409,https://www.youtube.com/watch?v=0wVLDnfYEaE
410,https://www.youtube.com/watch?v=iZY6HETEDyQ
411,https://www.youtube.com/watch?v=2fj1nO5LITY
412,https://www.youtube.com/watch?v=sK6kksW_eLI
413,https://www.youtube.com/watch?v=zF3wZE3wTTA
414,https://www.youtube.com/watch?v=tC9n_a9gGaU
415,https://www.youtube.com/watch?v=OuikYUzy54M
416,https://www.youtube.com/watch?v=f4kdt0bTVY8
417,https://www.youtube.com/watch?v=AqsPAoFNmqs
418,https://www.youtube.com/watch?v=95KfVQXineo
419,https://www.youtube.com/watch?v=PbhC5tCXVfM
420,https://www.youtube.com/watch?v=1GEbaw3SDjc
421,https://www.youtube.com/watch?v=JFIQiUNyNU8
422,https://www.youtube.com/watch?v=zhDG5qm2sYs
423,https://www.youtube.com/watch?v=kP38gZmyyh4
424,https://www.youtube.com/watch?v=VBIV4kvTndE
425,https://www.youtube.com/watch?v=q6dYEhbZsbI
426,https://www.youtube.com/watch?v=i47smHbXPDg
427,https://www.youtube.com/watch?v=VDY2jXY44HI
428,https://www.youtube.com/watch?v=9-Ht6Ou64PM
429,https://www.youtube.com/watch?v=x0Ko7ZWVq5Q
430,https://www.youtube.com/watch?v=Eh73LZifD_g
431,https://www.youtube.com/watch?v=HUo1TFIdoag
432,https://www.youtube.com/watch?v=H0jzWWblQps
433,https://www.youtube.com/watch?v=WASLZW8mv7g
434,https://www.youtube.com/watch?v=pA5GbtKFTqo
435,https://www.youtube.com/watch?v=4cPxuC0eCRc
436,https://www.youtube.com/watch?v=2i34_6ly7QM
437,https://www.youtube.com/watch?v=bVmDTJ8A5og
438,https://www.youtube.com/watch?v=U1XeJAkuPEc
439,https://www.youtube.com/watch?v=vNNVnw-L1lk
440,https://www.youtube.com/watch?v=2-C9x5yQa18
441,https://www.youtube.com/watch?v=9yGB20OH3BQ
442,https://www.youtube.com/watch?v=4uBMNUfM8Cw
443,https://www.youtube.com/watch?v=4eccEA3TNWw
444,https://www.youtube.com/watch?v=csfg99BxhbQ
445,https://www.youtube.com/watch?v=P8ynwEFEEIw
446,https://www.youtube.com/watch?v=rsem8G-U-RA
447,https://www.youtube.com/watch?v=54Z-1MNbyrE
448,https://www.youtube.com/watch?v=pWB-OjAlI0Y
449,https://www.youtube.com/watch?v=1bTUGOURC7k
450,https://www.youtube.com/watch?v=6yaZW03WjgI
451,https://www.youtube.com/watch?v=hcLaZGX-xoE
452,https://www.youtube.com/watch?v=a78LNiOzVRk
453,https://www.youtube.com/watch?v=r-2oxDe6UiI
454,https://www.youtube.com/watch?v=P3m4Q26Lv_w
455,https://www.youtube.com/watch?v=eZKSW7M8y2Q
456,https://www.youtube.com/watch?v=Z84ugVNN4nI
457,https://www.youtube.com/watch?v=XJn8r0qqbZE
458,https://www.youtube.com/watch?v=mQJJQyHuSsY
459,https://www.youtube.com/watch?v=_GTMNeH_L7M
460,https://www.youtube.com/watch?v=tdl5xGNUVtw
461,https://www.youtube.com/watch?v=lst235bZGGY
462,https://www.youtube.com/watch?v=iIX3EUh6ZRg
463,https://www.youtube.com/watch?v=aZvrDvFcqw4
464,https://www.youtube.com/watch?v=ox6ahV2-bP8
465,https://www.youtube.com/watch?v=KK1Xnlrwb8c
466,https://www.youtube.com/watch?v=OXebEZzkZWc
467,https://www.youtube.com/watch?v=XtB7U9_4FCQ
468,https://www.youtube.com/watch?v=d6jbO8QRTqY
469,https://www.youtube.com/watch?v=HcFLNi59MWg
470,https://www.youtube.com/watch?v=Nl9tWHWcsBU
471,https://www.youtube.com/watch?v=BhUpWmlKcJ8
472,https://www.youtube.com/watch?v=yRJPzY__bHc
473,https://www.youtube.com/watch?v=1wLTA6qELBU
474,https://www.youtube.com/watch?v=FIQAT2Jr1EM
475,https://www.youtube.com/watch?v=As4LsWadJa0
476,https://www.youtube.com/watch?v=PUyZz_5SEEo
477,https://www.youtube.com/watch?v=ISb6FkAYta0
478,https://www.youtube.com/watch?v=_RGn34v3qMQ
479,https://www.youtube.com/watch?v=mEVpay44rCc
480,https://www.youtube.com/watch?v=cD6Be6NQmAo
481,https://www.youtube.com/watch?v=8aRjp2Ecajg
482,https://www.youtube.com/watch?v=zDCHUKm9_FI
483,https://www.youtube.com/watch?v=8us_koAFe80
484,https://www.youtube.com/watch?v=ayffH6yipdE
485,https://www.youtube.com/watch?v=WqM8IT8ZlJQ
486,https://www.youtube.com/watch?v=_0A_GQiO56E
487,https://www.youtube.com/watch?v=WMpN2r6HwSI
488,https://www.youtube.com/watch?v=yQuLbJ8yweY
489,https://www.youtube.com/watch?v=hUOSTdJW2aI
490,https://www.youtube.com/watch?v=GOtrW_X8wQ8
491,https://www.youtube.com/watch?v=kFbyHPbuqk8
492,https://www.youtube.com/watch?v=I9wmrirWdp8
493,https://www.youtube.com/watch?v=ouB1-MDD2Bs
494,https://www.youtube.com/watch?v=ZprbS2r7Yis
495,https://www.youtube.com/watch?v=pm8rrM9uJGc
496,https://www.youtube.com/watch?v=cBHzCv7ri1A
497,https://www.youtube.com/watch?v=a531TCKNyN0
498,https://www.youtube.com/watch?v=iRVpaNTOqzI
499,https://www.youtube.com/watch?v=GfZYzeHDDGI
500,https://www.youtube.com/watch?v=mUJmwm210AQ
501,https://www.youtube.com/watch?v=Tu6anMd3ANQ
502,https://www.youtube.com/watch?v=BFeLmKTja6w
503,https://www.youtube.com/watch?v=2DKg29ywA4A
504,https://www.youtube.com/watch?v=l0vyiTM3HSY
505,https://www.youtube.com/watch?v=RH8_FAsRaTo
506,https://www.youtube.com/watch?v=SWiOQBbbX9c
507,https://www.youtube.com/watch?v=U9ysBzNcwIg
508,https://www.youtube.com/watch?v=FguRzW5m_6Q
509,https://www.youtube.com/watch?v=-mz_8yKh6GY
510,https://www.youtube.com/watch?v=koix5x-84yc
511,https://www.youtube.com/watch?v=cubr_e45IEQ
512,https://www.youtube.com/watch?v=4-tStznhXuw
513,https://www.youtube.com/watch?v=ltVpCpBoruU
514,https://www.youtube.com/watch?v=07_gsZex1uI
515,https://www.youtube.com/watch?v=D_rCCIIkwvA
516,https://www.youtube.com/watch?v=usa1FalhoMk
517,https://www.youtube.com/watch?v=cb4x3s3fVXk
518,https://www.youtube.com/watch?v=Ov-3aWNBIiQ
519,https://www.youtube.com/watch?v=jJq9NVpya3k
520,https://www.youtube.com/watch?v=kRPMKAY89go
521,https://www.youtube.com/watch?v=KnvFDVQv9AE
522,https://www.youtube.com/watch?v=kRsge73ch8s
523,https://www.youtube.com/watch?v=Z2zFBD1HIKM
524,https://www.youtube.com/watch?v=T-3RAvrp2l8
525,https://www.youtube.com/watch?v=-qSJpWMIh_Y
526,https://www.youtube.com/watch?v=M3F_YWuUsDo
527,https://www.youtube.com/watch?v=pm5V9cKNNHc
528,https://www.youtube.com/watch?v=-44iSZ1Rugw
529,https://www.youtube.com/watch?v=UnSzZbayqyk
530,https://www.youtube.com/watch?v=fWZfyTRb-wY
531,https://www.youtube.com/watch?v=sXGlTTZ7CbY
532,https://www.youtube.com/watch?v=ugxs52KnD5g
533,https://www.youtube.com/watch?v=jFC6IZkf6cI
534,https://www.youtube.com/watch?v=Dep-zGG0fis
535,https://www.youtube.com/watch?v=ClqxP7g6j7g
536,https://www.youtube.com/watch?v=ZQCZ0rI6Bgg
537,https://www.youtube.com/watch?v=5cZm6pV6kck
538,https://www.youtube.com/watch?v=_INHrUmfehc
539,https://www.youtube.com/watch?v=qJhuwDRYuWg
540,https://www.youtube.com/watch?v=r8LxHdqyfvE
541,https://www.youtube.com/watch?v=XRaeURgEIVs
542,https://www.youtube.com/watch?v=MjolxYoHIIk
543,https://www.youtube.com/watch?v=eJ2LsWXmk14
544,https://www.youtube.com/watch?v=JPPe6Ns4gJs
545,https://www.youtube.com/watch?v=9K9xObuJ3Qo
546,https://www.youtube.com/watch?v=pTMIzpl10Pk
547,https://www.youtube.com/watch?v=UQmR0nppF5U
548,https://www.youtube.com/watch?v=Bs-Elo_iHj0
549,https://www.youtube.com/watch?v=Dopn4yhOBmI
550,https://www.youtube.com/watch?v=-uvPMafocK8
551,https://www.youtube.com/watch?v=X4Oebw8EZXE
552,https://www.youtube.com/watch?v=i5pQPQFc_60
553,https://www.youtube.com/watch?v=QQu5emKm3ug
554,https://www.youtube.com/watch?v=VKEdjcknMtI
555,https://www.youtube.com/watch?v=64jss7LJAuQ
556,https://www.youtube.com/watch?v=571gMPDbENg
557,https://www.youtube.com/watch?v=X-cTBW81QLA
558,https://www.youtube.com/watch?v=iA9YaMavhfk
559,https://www.youtube.com/watch?v=09HVveOBBig
560,https://www.youtube.com/watch?v=sIp7XGzt3gA
561,https://www.youtube.com/watch?v=RSJRcK86ZmM
562,https://www.youtube.com/watch?v=2EcZMk7asaY
563,https://www.youtube.com/watch?v=w8LpxIEVct4
564,https://www.youtube.com/watch?v=ytwb_0tX6cs
565,https://www.youtube.com/watch?v=h65TDJcR740
566,https://www.youtube.com/watch?v=ZEr2xjMRN94
567,https://www.youtube.com/watch?v=TKidem99tGE
568,https://www.youtube.com/watch?v=3EoNrm54Nzo
569,https://www.youtube.com/watch?v=QddQgQjl6dk
570,https://www.youtube.com/watch?v=uPRXILoih6E
571,https://www.youtube.com/watch?v=bL2H1cvMZ3I
572,https://www.youtube.com/watch?v=uRPAwxvZlDk
573,https://www.youtube.com/watch?v=969qTnVWdsY
574,https://www.youtube.com/watch?v=TjNQUjyI44w
575,https://www.youtube.com/watch?v=1WywHlB384A
576,https://www.youtube.com/watch?v=2WytHc-0KV4
577,https://www.youtube.com/watch?v=csJuYlYVE-o
578,https://www.youtube.com/watch?v=bhJUGLLjTG8
579,https://www.youtube.com/watch?v=5Og3Bzk5ogY
580,https://www.youtube.com/watch?v=aAEy-Ruo6c4
581,https://www.youtube.com/watch?v=2ELMr8rf-J8
582,https://www.youtube.com/watch?v=yhBEs3LJVgw
583,https://www.youtube.com/watch?v=xVO9TT4Aez0
584,https://www.youtube.com/watch?v=7PHKfs8kntQ
585,https://www.youtube.com/watch?v=JSw2JVtcm34
586,https://www.youtube.com/watch?v=un5-0xNIFbo
587,https://www.youtube.com/watch?v=Kh3GQYme6Yg
588,https://www.youtube.com/watch?v=k1F98mdejLs
589,https://www.youtube.com/watch?v=5qTdXlUk2JU
590,https://www.youtube.com/watch?v=_QFykhaTcf4
591,https://www.youtube.com/watch?v=_f6BA3SarBo
592,https://www.youtube.com/watch?v=c6ZXbT_qqG0
593,https://www.youtube.com/watch?v=83VnBszAmFA
594,https://www.youtube.com/watch?v=iwmvxp1V27c
595,https://www.youtube.com/watch?v=pQRE9UhU5Jw
596,https://www.youtube.com/watch?v=VZIkT0TRcwg
597,https://www.youtube.com/watch?v=33zFRyOEZ2g
598,https://www.youtube.com/watch?v=JHkXOuT1Hl4
599,https://www.youtube.com/watch?v=plntNP5x0-Y
600,https://www.youtube.com/watch?v=4-DhVd3YAAY
601,https://www.youtube.com/watch?v=vFn14oZFER0
602,https://www.youtube.com/watch?v=XJr8AQPUocM
603,https://www.youtube.com/watch?v=B8558FD3mnk
604,https://www.youtube.com/watch?v=fJ03AVLKan8
605,https://www.youtube.com/watch?v=-mMC_lfXcm0
606,https://www.youtube.com/watch?v=ynmEVmyOQ7Q
607,https://www.youtube.com/watch?v=eDz8fEogb0A
608,https://www.youtube.com/watch?v=jme0evl9ceA
609,https://www.youtube.com/watch?v=XJDX6Nwt7lg
610,https://www.youtube.com/watch?v=iHrNx01SVLI
611,https://www.youtube.com/watch?v=7u3RdYExrCc
612,https://www.youtube.com/watch?v=PtTvDDSgXnU
613,https://www.youtube.com/watch?v=JVwnOPGe9gU
614,https://www.youtube.com/watch?v=B_LTNp4wy0s
615,https://www.youtube.com/watch?v=1BUVQG4vo-I
616,https://www.youtube.com/watch?v=G_KSEeAwU18
617,https://www.youtube.com/watch?v=VQ-Ga2mEFwM
618,https://www.youtube.com/watch?v=sqc2SKIRRqA
619,https://www.youtube.com/watch?v=AMz7z4fI8eU
620,https://www.youtube.com/watch?v=_9rLoms5LpI
621,https://www.youtube.com/watch?v=SmLxD-W0SMk
622,https://www.youtube.com/watch?v=uwoE3P9CFuI
623,https://www.youtube.com/watch?v=KD_5iBwEdaI
624,https://www.youtube.com/watch?v=-vTMI2zT8ME
625,https://www.youtube.com/watch?v=zSLOjBAdm1k
626,https://www.youtube.com/watch?v=NHvrEB0shbg
627,https://www.youtube.com/watch?v=ZQ9bCmITmJ4
628,https://www.youtube.com/watch?v=xpbFMJuQuI4
629,https://www.youtube.com/watch?v=CQx9ykoT3gA
630,https://www.youtube.com/watch?v=SBYDVgczsWY
631,https://www.youtube.com/watch?v=kRiZNSMwXiw
632,https://www.youtube.com/watch?v=uCiTv3l83sE
633,https://www.youtube.com/watch?v=_o8eD9uDV2g
634,https://www.youtube.com/watch?v=CXkqQqoOrx8
635,https://www.youtube.com/watch?v=1jPX8rf2W2g
636,https://www.youtube.com/watch?v=Id1kePXk2R0
637,https://www.youtube.com/watch?v=c4CJ3GAmyZs
638,https://www.youtube.com/watch?v=IfzaAth1Zxw
639,https://www.youtube.com/watch?v=rss-cI2sV40
640,https://www.youtube.com/watch?v=JNpplTmJ4O8
641,https://www.youtube.com/watch?v=wtynmOWUMNs
642,https://www.youtube.com/watch?v=Bnd_JpIC8sE
643,https://www.youtube.com/watch?v=78oQGQ69yEQ
644,https://www.youtube.com/watch?v=9LfsLZPz3Do
645,https://www.youtube.com/watch?v=J4gNhcvrrS8
646,https://www.youtube.com/watch?v=m9Y0LABc6HI
647,https://www.youtube.com/watch?v=usXONndaI2s
648,https://www.youtube.com/watch?v=F9_dTcpUiWQ
649,https://www.youtube.com/watch?v=nR1LvU_o1s0
650,https://www.youtube.com/watch?v=xIBCqi0zNO4
651,https://www.youtube.com/watch?v=XEt8F_6g5t4
652,https://www.youtube.com/watch?v=_wldSb5YeJg
653,https://www.youtube.com/watch?v=L5GpTXcgnjY
654,https://www.youtube.com/watch?v=dE2XGDN9aTY
655,https://www.youtube.com/watch?v=_UHW9FCrtJY
656,https://www.youtube.com/watch?v=jcz-8Vc37JI
657,https://www.youtube.com/watch?v=3hG4IQutEpk
658,https://www.youtube.com/watch?v=oxNAISFR_Yo
659,https://www.youtube.com/watch?v=ehpwFeq7YWU
660,https://www.youtube.com/watch?v=iXdAJXZXvN4
661,https://www.youtube.com/watch?v=wDIAnncCi3Y
662,https://www.youtube.com/watch?v=xqFCpGSkF3g
663,https://www.youtube.com/watch?v=R-kN8ocOYNg
664,https://www.youtube.com/watch?v=6T98LT6-LZw
665,https://www.youtube.com/watch?v=y418Ef8W-gw
666,https://www.youtube.com/watch?v=M9qCaJRQlUA
667,https://www.youtube.com/watch?v=-vlOPm6H75w
668,https://www.youtube.com/watch?v=pT_WqWqoD5s
669,https://www.youtube.com/watch?v=YzurW_MtiDs
670,https://www.youtube.com/watch?v=lSpO6r1x8lg
671,https://www.youtube.com/watch?v=jo9HSfn4QuQ
672,https://www.youtube.com/watch?v=kZNPdFa5ssg
673,https://www.youtube.com/watch?v=HLgpkZ-lSS0
674,https://www.youtube.com/watch?v=ty8eR0CQYxY
675,https://www.youtube.com/watch?v=_hVyJePhwdQ
676,https://www.youtube.com/watch?v=k593orB_ujI
677,https://www.youtube.com/watch?v=kh_Pgua3BVY
678,https://www.youtube.com/watch?v=WwBbX2KKIQY
679,https://www.youtube.com/watch?v=tYQRNDgeM_U
680,https://www.youtube.com/watch?v=93e1tkERhUU
681,https://www.youtube.com/watch?v=mt-TAlY2xPU
682,https://www.youtube.com/watch?v=V9SGB86PRis
683,https://www.youtube.com/watch?v=v88stQ9DuHM
684,https://www.youtube.com/watch?v=plCp6HIcFNQ
685,https://www.youtube.com/watch?v=kTAQ5gEDM0E
686,https://www.youtube.com/watch?v=gzm9UriD97I
687,https://www.youtube.com/watch?v=z5orFUTzPec
688,https://www.youtube.com/watch?v=KBKlPexF8sU
689,https://www.youtube.com/watch?v=Lc-bOqUoL7A
690,https://www.youtube.com/watch?v=xSL16eX8STU
691,https://www.youtube.com/watch?v=4WXOJpJcBtU
692,https://www.youtube.com/watch?v=X0UshUxpUJc
693,https://www.youtube.com/watch?v=4B19OkUpdAs
694,https://www.youtube.com/watch?v=vGrnHfD9lx4
695,https://www.youtube.com/watch?v=pi0pRrlbbq0
696,https://www.youtube.com/watch?v=1qzM0qH4slw
697,https://www.youtube.com/watch?v=FZHBqBOrWBo
698,https://www.youtube.com/watch?v=H8a-SUEeV-M
699,https://www.youtube.com/watch?v=tzn6NS2_obs
700,https://www.youtube.com/watch?v=HYe0bBifT8E
701,https://www.youtube.com/watch?v=l42WlmuUSb8
702,https://www.youtube.com/watch?v=21nXRKJTcVE
703,https://www.youtube.com/watch?v=M7ISDu0rwwg
704,https://www.youtube.com/watch?v=EmGRL4Ohd-E
705,https://www.youtube.com/watch?v=qyv64t8mz1k
706,https://www.youtube.com/watch?v=KPrUmMg1bPI
707,https://www.youtube.com/watch?v=nVATIaVHZ44
708,https://www.youtube.com/watch?v=U-O3U2DShbU
709,https://www.youtube.com/watch?v=KVjjCWJY-vI
710,https://www.youtube.com/watch?v=DLxujUl4JIg
711,https://www.youtube.com/watch?v=od77ZDJy0PE
712,https://www.youtube.com/watch?v=A6KDpbLN7Xw
713,https://www.youtube.com/watch?v=y8x0wzq431I
714,https://www.youtube.com/watch?v=gR-XNW5CmhU
715,https://www.youtube.com/watch?v=JqCdvCzpg1M
716,https://www.youtube.com/watch?v=iXkCUpg3JUw
717,https://www.youtube.com/watch?v=bMAcwcpQgl4
718,https://www.youtube.com/watch?v=54b39dYH5ys
719,https://www.youtube.com/watch?v=Wc4Oc_2RP2Y
720,https://www.youtube.com/watch?v=p-z_plHRFyk
721,https://www.youtube.com/watch?v=Fyx3bTdDP3Q
722,https://www.youtube.com/watch?v=iSi4QkwPHMw
723,https://www.youtube.com/watch?v=GqEUJWc3SJQ
724,https://www.youtube.com/watch?v=rJ-qX_pvUN0
725,https://www.youtube.com/watch?v=jzcKbjjt87M
726,https://www.youtube.com/watch?v=VWORy3JbFbU
727,https://www.youtube.com/watch?v=ceuyXFuQQfk
728,https://www.youtube.com/watch?v=OMW7egcIfVs
729,https://www.youtube.com/watch?v=6gejXIP36pU
730,https://www.youtube.com/watch?v=MVcv1U2VSB8
731,https://www.youtube.com/watch?v=Or-9Xv5zQNk
732,https://www.youtube.com/watch?v=5h6qJL5gtrQ
733,https://www.youtube.com/watch?v=5gfMN2j40uc
734,https://www.youtube.com/watch?v=0aKx-uf7D5k
735,https://www.youtube.com/watch?v=7UIQHNZip40
736,https://www.youtube.com/watch?v=p8NR87k8Nn8
737,https://www.youtube.com/watch?v=2Yt7_C31rho
738,https://www.youtube.com/watch?v=rUSUeWRZYXU
739,https://www.youtube.com/watch?v=b8gbjQ09gwM
740,https://www.youtube.com/watch?v=m6hPxlNSBpA
741,https://www.youtube.com/watch?v=I-qrvd5vgDw
742,https://www.youtube.com/watch?v=vbqb9mwLD6k
743,https://www.youtube.com/watch?v=jeKg4cpmKR8
744,https://www.youtube.com/watch?v=64g9by4Q9_I
745,https://www.youtube.com/watch?v=Otdefxky8Iw
746,https://www.youtube.com/watch?v=ZtvMWvOaXZQ
747,https://www.youtube.com/watch?v=_NrVDs0DVR4
748,https://www.youtube.com/watch?v=ZT28ahQZmEc
749,https://www.youtube.com/watch?v=7tLe5Hk9pzg
750,https://www.youtube.com/watch?v=eF7ndK-gHhI
751,https://www.youtube.com/watch?v=xzp4jw9oAL4
752,https://www.youtube.com/watch?v=zEdufdeuyfw
753,https://www.youtube.com/watch?v=QlCFYWYMsAY
754,https://www.youtube.com/watch?v=QarrYBwzuzQ
755,https://www.youtube.com/watch?v=nzlpd7J1gWg
756,https://www.youtube.com/watch?v=fK8X12PjaMs
757,https://www.youtube.com/watch?v=RdzUfnxj21Y
758,https://www.youtube.com/watch?v=30VjuKwnMcU
759,https://www.youtube.com/watch?v=uZqXTuTuEN4
760,https://www.youtube.com/watch?v=1o49Ls3Ohww
761,https://www.youtube.com/watch?v=x8xYdxNkYjA
762,https://www.youtube.com/watch?v=WilgtX7NDJg
763,https://www.youtube.com/watch?v=LjHm25yHld8
764,https://www.youtube.com/watch?v=ApkP6PPrOf0
765,https://www.youtube.com/watch?v=qUwRAxUcFBI
766,https://www.youtube.com/watch?v=HFAfER01FNw
767,https://www.youtube.com/watch?v=E91yjUTTP_s
768,https://www.youtube.com/watch?v=B1LcYXdGFkE
769,https://www.youtube.com/watch?v=TthbxNYkPrg
770,https://www.youtube.com/watch?v=gCQyWyMh7jk
771,https://www.youtube.com/watch?v=0F2E3MEPLXE
772,https://www.youtube.com/watch?v=ktfUTPVy7nM
773,https://www.youtube.com/watch?v=ZS2Nu99hcvY
774,https://www.youtube.com/watch?v=OIO6i7a_qHA
775,https://www.youtube.com/watch?v=VhfiOaJ26Bg
776,https://www.youtube.com/watch?v=tSVEuFuCiSk
777,https://www.youtube.com/watch?v=LFgJpS4xQI4
778,https://www.youtube.com/watch?v=-7JltW-PRTw
779,https://www.youtube.com/watch?v=iD7LT1tXgB4
780,https://www.youtube.com/watch?v=c_yM25MtCSU
781,https://www.youtube.com/watch?v=JWA2CLNQ2_U
782,https://www.youtube.com/watch?v=HJa6vFWXm4s
783,https://www.youtube.com/watch?v=XZsK-71lqA8
784,https://www.youtube.com/watch?v=VjI_WAj3Sak
785,https://www.youtube.com/watch?v=fmQeyyNjOms
786,https://www.youtube.com/watch?v=7DeqN0HQLuY
787,https://www.youtube.com/watch?v=vbE1K1Z25ag
788,https://www.youtube.com/watch?v=DThkDZm96mo
789,https://www.youtube.com/watch?v=4GCcCgRp8p8
790,https://www.youtube.com/watch?v=IO6SPhRtTv4
791,https://www.youtube.com/watch?v=Hjq-ZKFOhks
792,https://www.youtube.com/watch?v=-q-4YfwU91Y
793,https://www.youtube.com/watch?v=ZKamukb0iIM
794,https://www.youtube.com/watch?v=FBwUQb9wb4k
795,https://www.youtube.com/watch?v=r8ggloXhp4I
796,https://www.youtube.com/watch?v=kONbGpVvYds
797,https://www.youtube.com/watch?v=roULpSGLYHY
798,https://www.youtube.com/watch?v=5ElLCFLOUMw
799,https://www.youtube.com/watch?v=XKfWRlSEkHg
800,https://www.youtube.com/watch?v=KKxXsEfh7G8
801,https://www.youtube.com/watch?v=1vwHkoBoJps
802,https://www.youtube.com/watch?v=rtEVaAt8XMM
803,https://www.youtube.com/watch?v=3pH4UZIg-1Q
804,https://www.youtube.com/watch?v=sc81EcBU0Lk
805,https://www.youtube.com/watch?v=0m8gQiil1sQ
806,https://www.youtube.com/watch?v=XMpIBeyJcqU
807,https://www.youtube.com/watch?v=Yqt3B52kCR0
808,https://www.youtube.com/watch?v=K7F_DIggvUM
809,https://www.youtube.com/watch?v=jteFUqC8Vr8
810,https://www.youtube.com/watch?v=Yeko44IacqQ
811,https://www.youtube.com/watch?v=aHjUOpD29Bw
812,https://www.youtube.com/watch?v=X5vWsg8n6Kk
813,https://www.youtube.com/watch?v=ga_BGdsav8g
814,https://www.youtube.com/watch?v=ohaNp88GsEc
815,https://www.youtube.com/watch?v=qkUDx8Ih03g
816,https://www.youtube.com/watch?v=Lqkyot5A1ZI
817,https://www.youtube.com/watch?v=k1vpt9LFOqI
818,https://www.youtube.com/watch?v=cjjl-juC7ZQ
819,https://www.youtube.com/watch?v=Ln7FpCnGhdg
820,https://www.youtube.com/watch?v=F0XUfXWGDg4
821,https://www.youtube.com/watch?v=Jgm5BU-O3P0
822,https://www.youtube.com/watch?v=R9D6kLwVW6M
823,https://www.youtube.com/watch?v=pA749Izq_TA
824,https://www.youtube.com/watch?v=u-mhWWUUBVg
825,https://www.youtube.com/watch?v=bMRCdKT3_Eo
826,https://www.youtube.com/watch?v=ZySzEFhD38M
827,https://www.youtube.com/watch?v=SQpcJaBGGO4
828,https://www.youtube.com/watch?v=ty-OzR9zyV0
829,https://www.youtube.com/watch?v=DkLF_kLuJQQ
830,https://www.youtube.com/watch?v=e6V8AYbwivA
831,https://www.youtube.com/watch?v=wVvkWsTB1C4
832,https://www.youtube.com/watch?v=fsiTgFlIPVE
833,https://www.youtube.com/watch?v=0Nz2hz3jn2Y
834,https://www.youtube.com/watch?v=TVxgOgUNqHM
835,https://www.youtube.com/watch?v=2bIIpCcMf3U
836,https://www.youtube.com/watch?v=1_47UTY2F-k
837,https://www.youtube.com/watch?v=VlINs8Wx8gw
838,https://www.youtube.com/watch?v=SSpFx23Exj0
839,https://www.youtube.com/watch?v=xf-2o9R26e8
840,https://www.youtube.com/watch?v=Fdc2h5r03pY
841,https://www.youtube.com/watch?v=G--lqzLmT9c
842,https://www.youtube.com/watch?v=O6Uidf61WLk
843,https://www.youtube.com/watch?v=eHAzDrimigo
844,https://www.youtube.com/watch?v=ghF4te-Xsn8
845,https://www.youtube.com/watch?v=NRwKN_EoSe8
846,https://www.youtube.com/watch?v=WNJOVb33Tug
847,https://www.youtube.com/watch?v=fbFOpiVI4V8
848,https://www.youtube.com/watch?v=u2KNhCFch20
849,https://www.youtube.com/watch?v=sjlwuRlUu-A
850,https://www.youtube.com/watch?v=26kKtRMewGQ
851,https://www.youtube.com/watch?v=wO0W6bhOhTc
852,https://www.youtube.com/watch?v=ZwSuFsnB2wg
853,https://www.youtube.com/watch?v=wjS0G3Ivxxg
854,https://www.youtube.com/watch?v=eTNf-wPlKvY
855,https://www.youtube.com/watch?v=ACHB0LpD_y4
856,https://www.youtube.com/watch?v=9V_Tl19cKm4
857,https://www.youtube.com/watch?v=S_UjgbzOPjE
858,https://www.youtube.com/watch?v=3OZodBM14j4
859,https://www.youtube.com/watch?v=TmK_uggYyQY
860,https://www.youtube.com/watch?v=GWvguo-JbSY
861,https://www.youtube.com/watch?v=mTHUVlk2xP0
862,https://www.youtube.com/watch?v=BkncOCnO7g8
863,https://www.youtube.com/watch?v=To0VXFNE9_c
864,https://www.youtube.com/watch?v=LZmanke72tY
865,https://www.youtube.com/watch?v=yBbCPpUAHBQ
866,https://www.youtube.com/watch?v=XSZtdeK9yeU
867,https://www.youtube.com/watch?v=qe97hWDwM_E
868,https://www.youtube.com/watch?v=CLBWdWprwK8
869,https://www.youtube.com/watch?v=H1r-htepx2w
870,https://www.youtube.com/watch?v=ss6qi8e2b3E
871,https://www.youtube.com/watch?v=afw_kmwh6Y0
872,https://www.youtube.com/watch?v=E4rCi3mYiCU
873,https://www.youtube.com/watch?v=ryNXGONZ0jM
874,https://www.youtube.com/watch?v=rOg4TFZSTz0
875,https://www.youtube.com/watch?v=ANkUj8qhUjw
876,https://www.youtube.com/watch?v=9A0PmUGKuCA
877,https://www.youtube.com/watch?v=17_qp_iprSs
878,https://www.youtube.com/watch?v=NwdPc7_2Jzs
879,https://www.youtube.com/watch?v=GJkRlsBT2I0
880,https://www.youtube.com/watch?v=kIIFwThiViw
881,https://www.youtube.com/watch?v=GHKHlDmLd4Y
882,https://www.youtube.com/watch?v=4ZSov-B6Qts
883,https://www.youtube.com/watch?v=nY9Xckc-by4
884,https://www.youtube.com/watch?v=SNVZkD0mjII
885,https://www.youtube.com/watch?v=Rt052OX9G5o
886,https://www.youtube.com/watch?v=IcZQ1DHwMsY
887,https://www.youtube.com/watch?v=5jGbmle6zHs
888,https://www.youtube.com/watch?v=-z94cy26j_U
889,https://www.youtube.com/watch?v=xvibus9OBlg
890,https://www.youtube.com/watch?v=dS9iNnaJjjM
891,https://www.youtube.com/watch?v=uWnjGeL5Rjw
892,https://www.youtube.com/watch?v=BxndhnqjVsU
893,https://www.youtube.com/watch?v=gzquZ_dR61Y
894,https://www.youtube.com/watch?v=V2OpzdzzBm8
895,https://www.youtube.com/watch?v=7hTodkE7TIE
896,https://www.youtube.com/watch?v=m6StiZzoo2k
897,https://www.youtube.com/watch?v=hVXIuLAtpOw
898,https://www.youtube.com/watch?v=8YZTMVLVApE
899,https://www.youtube.com/watch?v=7wLCh-mFgl8
900,https://www.youtube.com/watch?v=8ZkaSsSsxEs
901,https://www.youtube.com/watch?v=GVtKpr6YsTg
902,https://www.youtube.com/watch?v=Ck7aBiHHY3I
903,https://www.youtube.com/watch?v=tP7T4qeyQSI
904,https://www.youtube.com/watch?v=N_b9_gNc8Hw
905,https://www.youtube.com/watch?v=gR3JTjHYsk0
906,https://www.youtube.com/watch?v=whyvZCulDIc
907,https://www.youtube.com/watch?v=Q16g8bu6ZtU
908,https://www.youtube.com/watch?v=vMdteKg6jdY
909,https://www.youtube.com/watch?v=tu5Lf--rDTQ
910,https://www.youtube.com/watch?v=N9jtph7gbww
911,https://www.youtube.com/watch?v=Z-mqjXWJ6OI
912,https://www.youtube.com/watch?v=Oe5ZvChjdao
913,https://www.youtube.com/watch?v=N2aA2BjpYvc
914,https://www.youtube.com/watch?v=3xtNX8lV9wI
915,https://www.youtube.com/watch?v=a9ply5AiuCQ
916,https://www.youtube.com/watch?v=zSqr_xwJPyk
917,https://www.youtube.com/watch?v=hQh7UAfaEHY
918,https://www.youtube.com/watch?v=9SjDgMhYVgk
919,https://www.youtube.com/watch?v=x3fp9XZn-bE
920,https://www.youtube.com/watch?v=LatJ6e-3DVU
921,https://www.youtube.com/watch?v=NRqucKH_5Og
922,https://www.youtube.com/watch?v=76mzMGLy2gQ
923,https://www.youtube.com/watch?v=D2rRfrAocz8
924,https://www.youtube.com/watch?v=YLxC53jYDRw
925,https://www.youtube.com/watch?v=p7g0d6nBPfU
926,https://www.youtube.com/watch?v=8oYJjArNxvc
927,https://www.youtube.com/watch?v=VJWWTKyvQpY
928,https://www.youtube.com/watch?v=ljCjUP1-_LA
929,https://www.youtube.com/watch?v=R3aMjT8Vbd8
930,https://www.youtube.com/watch?v=80k7zJ_OOZU
931,https://www.youtube.com/watch?v=GLpc_JtVY5c
932,https://www.youtube.com/watch?v=GopR_hViQ9k
933,https://www.youtube.com/watch?v=8Z5ZLEHA6_o
934,https://www.youtube.com/watch?v=nha2c91dnAc
935,https://www.youtube.com/watch?v=GsNGClFymB8
936,https://www.youtube.com/watch?v=Ngg2O39y1jo
937,https://www.youtube.com/watch?v=r4z05BHxfeg
938,https://www.youtube.com/watch?v=qkkCWVVSjug
939,https://www.youtube.com/watch?v=DsgUNHRfkEg
940,https://www.youtube.com/watch?v=tN2netd6yxQ
941,https://www.youtube.com/watch?v=x05T_wiugg0
942,https://www.youtube.com/watch?v=PG_HGOREC_A
943,https://www.youtube.com/watch?v=7TfIgxmyvbI
944,https://www.youtube.com/watch?v=MjiocHBUROU
945,https://www.youtube.com/watch?v=a_fosnvz08E
946,https://www.youtube.com/watch?v=-8bagku1R38
947,https://www.youtube.com/watch?v=zxwZB_kaZiQ
948,https://www.youtube.com/watch?v=dCRyaXfjHO4
949,https://www.youtube.com/watch?v=7HdE4iYC2lc
950,https://www.youtube.com/watch?v=XAg_5P8rlBI
951,https://www.youtube.com/watch?v=i7pHhRFltjY
952,https://www.youtube.com/watch?v=faRZ-teni-s
953,https://www.youtube.com/watch?v=jL9heYebtmo
954,https://www.youtube.com/watch?v=qdu5dRgm61g
955,https://www.youtube.com/watch?v=Z_4pe292dl8
956,https://www.youtube.com/watch?v=RdhAnmh9ChM
957,https://www.youtube.com/watch?v=14z-IWzsdXs
958,https://www.youtube.com/watch?v=DSafhjCUGBU
959,https://www.youtube.com/watch?v=K7SHzvLsMzA
960,https://www.youtube.com/watch?v=58ly92_mg_s
961,https://www.youtube.com/watch?v=d_PSDna891Y
962,https://www.youtube.com/watch?v=PMorCjn2EE8
963,https://www.youtube.com/watch?v=3pq6gGgMCug
964,https://www.youtube.com/watch?v=KpvJ9JbSVdY
965,https://www.youtube.com/watch?v=kj6GyX5TQvU
966,https://www.youtube.com/watch?v=_l6_ts8VsBM
967,https://www.youtube.com/watch?v=TNVQ8dyt46E
968,https://www.youtube.com/watch?v=tRTZQNyRbvk
969,https://www.youtube.com/watch?v=_C7kaYdaf6c
970,https://www.youtube.com/watch?v=oOoUkB0UpUk
971,https://www.youtube.com/watch?v=x8c1Ztl8XxE
972,https://www.youtube.com/watch?v=VO9UTaRRF0c
973,https://www.youtube.com/watch?v=TJNzEPq3Afw
974,https://www.youtube.com/watch?v=3x7vX6_seFw
975,https://www.youtube.com/watch?v=BmSKck9YNy4
976,https://www.youtube.com/watch?v=nC3m552Zd98
977,https://www.youtube.com/watch?v=0gAXilduUIo
978,https://www.youtube.com/watch?v=VElV3WUI5sg
979,https://www.youtube.com/watch?v=gfjdkiEYqsg
980,https://www.youtube.com/watch?v=eR3pPn_fTHM
981,https://www.youtube.com/watch?v=0CoH3yB0soE
982,https://www.youtube.com/watch?v=JjgDW6RFIOI
983,https://www.youtube.com/watch?v=BM1rhYIsRxU
984,https://www.youtube.com/watch?v=XdP2ZORs5UI
985,https://www.youtube.com/watch?v=sajA1GRQMx8
986,https://www.youtube.com/watch?v=lLFA7Qc81SY
987,https://www.youtube.com/watch?v=esgMFkvViLc
988,https://www.youtube.com/watch?v=RKuDEsLVqhA
989,https://www.youtube.com/watch?v=8MKxbRY__pc
990,https://www.youtube.com/watch?v=hAaQJCkeGEs
991,https://www.youtube.com/watch?v=5AlEbe8lllc
992,https://www.youtube.com/watch?v=6aMo2GsTV5M
993,https://www.youtube.com/watch?v=y9pZLg-PhYQ
994,https://www.youtube.com/watch?v=7v3XgUmfUbM
995,https://www.youtube.com/watch?v=9DiqyCmBqx4
996,https://www.youtube.com/watch?v=f_w0L54amgM
997,https://www.youtube.com/watch?v=DI5Z56atc8E
998,https://www.youtube.com/watch?v=19eycsjgScA
999,https://www.youtube.com/watch?v=ysnykCtAa7o
1000,https://www.youtube.com/watch?v=rQNq5R9kzmA